Rank,Name,Revenues,Profits,Assets,Employees,Total stockholders' equity,Total return to investors: 1 yr. annual rate (%),Total return to investors: 5 yr. annual rate (%),Total return to investors: 10 yr. annual rate (%),EPS (2012$),EPS 1 yr,EPS 5 yr,EPS 10 yr,ProfitRevenue %,ProfitAssets %,ProfitStockholder'sEquity %,State,Industry
1,Wal-Mart Stores,"469,162","16,999","203,105","2,200,000","76,343",17.6,10,4.9,5.02,11.1,9.9,10.7,3.6,8.4,22.3,AR,General Merchandisers
2,Exxon Mobil,"449,886","44,880","333,795","88,000","165,863",4.7,0.8,12,9.7,15.2,5.9,19.2,10,13.4,27.1,TX,Petroleum Refining
3,Chevron,"233,899","26,179","232,982","62,000","136,524",5,6.5,16.3,13.32,-0.9,8.7,37.9,11.2,11.2,19.2,CA,Petroleum Refining
4,Phillips 66,"169,551","4,124","48,073","13,500","20,775",N.A.,0,N.A.,6.48,N.A.,N.A.,N.A.,2.4,8.6,19.9,TX,Petroleum Refining
5,Berkshire Hathaway,"162,463","14,824","427,452","288,500","187,647",16.8,-1.1,6.3,"8,977",44.4,1,12.4,9.1,3.5,7.9,NE,Insurance: Property and Casualty (Stock)
6,Apple,"156,508","41,733","176,064","76,100","118,210",32.6,22.1,54,44.15,59.5,62.2,85.8,26.7,23.7,35.3,CA,"Computers, Office Equipment"
7,General Motors,"152,256","6,188","149,422","213,000","36,244",42.2,0,N.A.,2.92,-36.2,N.A.,N.A.,4.1,4.1,17.1,MI,Motor Vehicles and Parts
8,General Electric,"146,874","13,641","685,328","305,000","123,026",21.2,-7.1,1.9,1.29,4.9,-9.9,-0.9,9.3,2,11.1,CT,Diversified Financials
9,Valero Energy,"138,286","2,083","44,477","21,671","18,032",65.8,-11.7,15.5,3.75,1.9,-15.8,33.6,1.5,4.7,11.6,TX,Petroleum Refining
10,Ford Motor,"134,252","5,665","190,554","171,000","15,947",22.6,14.4,5,1.42,-71.3,N.A.,N.A.,4.2,3,35.5,MI,Motor Vehicles and Parts
11,AT&T;,"127,434","7,264","272,315","241,810","92,362",17.4,1.5,7.3,1.25,89.4,-8.4,-3,5.7,2.7,7.9,TX,Telecommunications
12,Fannie Mae,"127,230","17,220","3,222,422","7,200","7,183",26.7,-63.4,-41.5,0.24,N.A.,N.A.,-25.5,13.5,0.5,239.7,DC,Diversified Financials
13,CVS Caremark,"123,133","3,876.9","65,912","164,500","37,704",20.3,5.2,15.5,3.03,17.9,9.6,13.2,3.1,5.9,10.3,RI,Food and Drug Stores
14,McKesson,"122,734","1,403","33,093","37,700","6,831",25.6,9.2,14.5,5.59,22.3,13.3,14.6,1.1,4.2,20.5,CA,Wholesalers: Health Care
15,Hewlett-Packard,"120,357","-12,650","108,768","331,800","22,436",-43.3,-21.4,-0.8,-6.41,-293.1,N.A.,N.A.,-10.5,-11.6,-56.4,CA,"Computers, Office Equipment"
16,Verizon Communications,"115,846",875,"225,222","183,400","33,157",13.1,6.9,7.4,0.31,-63.5,-30.4,-14.5,0.8,0.4,2.6,NY,Telecommunications
17,UnitedHealth Group,"110,618","5,526","80,885","133,000","31,178",8.5,-0.6,10.5,5.28,11.6,9.1,17.4,5,6.8,17.7,MN,Health Care: Insurance and Managed Care
18,J.P. Morgan Chase & Co.,"108,184","21,284","2,359,141","258,965","204,069",36.1,2.3,9.3,5.2,16.1,3.5,20.6,19.7,0.9,10.4,NY,Commercial Banks
19,Cardinal Health,"107,552","1,069","24,260","32,500","6,244",3.6,1.7,0.8,3.06,12.5,-8.5,2.9,1,4.4,17.1,OH,Wholesalers: Health Care
20,International Business Machines,"104,507","16,604","119,213","466,995","18,860",5.9,14.2,11,14.37,10,14.9,21.4,15.9,13.9,88,NY,Information Technology Services
21,Bank of America Corp.,"100,078","4,188","2,209,974","267,190","236,956",109.7,-20.9,-7.6,0.25,"2,400",-40.3,-21.9,4.2,0.2,1.8,NC,Commercial Banks
22,Costco Wholesale,"99,137","1,709","27,140","135,000","12,361",28.3,10,15.3,3.89,17.9,10.4,10.1,1.7,6.3,13.8,WA,Specialty Retailers: Other
23,Kroger,"96,751.3","1,496.5","24,651.5","343,000","4,207",9.7,1.2,6.5,2.77,174.3,10.4,6.2,1.5,6.1,35.6,OH,Food and Drug Stores
24,Express Scripts Holding,"94,416.7","1,312.9","58,111.2","30,215","23,385",20.8,8.1,24.6,1.76,-30.4,10.4,18.6,1.4,2.3,5.6,MO,Health Care: Pharmacy and Other Services
25,Wells Fargo,"91,247","18,897","1,422,968","269,200","157,554",27.4,5.3,7,3.36,19.1,7.1,7.8,20.7,1.3,12,CA,Commercial Banks
26,Citigroup,"90,769","7,541","1,864,660","259,000","189,049",50.6,-32,-17.5,2.44,-32.8,-19.5,-22,8.3,0.4,4,NY,Commercial Banks
27,Archer Daniels Midland,"89,038","1,223","41,553","30,000","17,969",-1.9,-8.2,10.2,1.84,-41.2,-11,9,1.4,2.9,6.8,IL,Food Production
28,Procter & Gamble,"85,120","10,756","132,244","126,000","63,439",5.3,1.5,7.3,3.66,-6.9,3.8,9,12.6,8.1,17,OH,Household and Personal Products
29,Prudential Financial,"84,838",469,"709,298","48,498","38,575",9.7,-8.5,7.1,N.A.,N.A.,N.A.,N.A.,0.6,0.1,1.2,NJ,"Insurance: Life, Health (Stock)"
30,Boeing,"81,698","3,900","88,896","174,400","5,867",5.3,-0.2,11,5.11,-4.3,-0.7,23.7,4.8,4.4,66.5,IL,Aerospace and Defense
31,Freddie Mac,"80,635","10,982","1,989,856","4,989","8,827",24.1,-62,-40.9,-0.64,N.A.,N.A.,N.A.,13.6,0.6,124.4,VA,Diversified Financials
32,AmerisourceBergen,"79,720.5",719,"15,444.1","13,950","2,456.7",17.9,15.3,13.4,2.8,10.2,17.5,13.5,0.9,4.7,29.3,PA,Wholesalers: Health Care
33,Marathon Petroleum,"76,783","3,389","27,223","25,985","11,694",94,0,N.A.,9.89,48.3,N.A.,N.A.,4.4,12.4,29,OH,Petroleum Refining
34,Home Depot,"74,754","4,535","41,084","340,000","17,777",50.2,21.6,12.3,3,21.5,4.8,6.8,6.1,11,25.5,GA,Specialty Retailers: Other
35,Microsoft,"73,723","16,978","121,271","94,000","66,363",5.8,-3.4,3.1,2,-25.7,7.1,11,23,14,25.6,WA,Computer Software
36,Target,"73,301","2,999","48,163","361,000","16,558",18,5.3,8.4,4.52,5.6,6.3,9.6,4.1,6.2,18.1,MN,General Merchandisers
37,Walgreen,"71,633","2,127","33,462","205,500","18,236",15.2,1.4,3.7,2.42,-17.7,3.6,9.3,3,6.4,11.7,IL,Food and Drug Stores
38,American International Group,"70,143","3,438","548,633","63,000","98,002",52.2,-47.8,-27.4,2.04,-78.4,-46.8,-26.5,4.9,0.6,3.5,NY,Insurance: Property and Casualty (Stock)
39,INTL FCStone,"69,260.6",15,"2,958.9","1,074",319.1,-26.1,-8.4,25.8,0.75,-61.7,N.A.,N.A.,0,0.5,4.7,NY,Diversified Financials
40,MetLife,"68,224","1,324","836,781","64,000","64,453",8.1,-9.8,3.6,1.12,-82.2,-27.2,-6.5,1.9,0.2,2.1,NY,"Insurance: Life, Health (Stock)"
41,Johnson & Johnson,"67,224","10,853","121,347","127,600","64,826",10.8,4.4,5.5,3.86,10.6,1.2,6,16.1,8.9,16.7,NJ,Pharmaceuticals
42,Caterpillar,"65,875","5,681","89,356","125,341","17,532",1.6,7.3,17.4,8.48,14.6,9.6,22.1,8.6,6.4,32.4,IL,Construction and Farm Machinery
43,PepsiCo,"65,492","6,178","74,638","278,000","22,294",6.3,0.8,7.4,3.92,-2.7,2.8,7.8,9.4,8.3,27.7,NY,Food Consumer Products
44,State Farm Insurance Cos.,"65,285.7","3,159.2","205,955.1","68,010","65,374.9",N.A.,0,N.A.,N.A.,N.A.,N.A.,N.A.,4.8,1.5,4.8,IL,Insurance: Property and Casualty (Mutual)
45,ConocoPhillips,"63,373","8,428","117,144","16,900","47,987",8.3,0.7,15.5,6.72,-25.1,-1.4,N.A.,13.3,7.2,17.6,TX,"Mining, Crude-Oil Production"
46,Comcast,"62,570","6,203","164,971","129,000","49,356",60.7,17.4,9.9,2.28,52,22.4,N.A.,9.9,3.8,12.6,PA,Telecommunications
47,WellPoint,"61,711.7","2,655.5","58,955.4","43,500","23,802.7",-6.4,-6.4,7.2,8.18,12.8,8,13.8,4.3,4.5,11.2,IN,Health Care: Insurance and Managed Care
48,Pfizer,"61,244","14,570","185,798","91,500","81,260",20.4,7.1,2,1.94,52.8,10.6,2.9,23.8,7.8,17.9,NY,Pharmaceuticals
49,Amazon.com,"61,093",-39,"32,555","88,400","8,192",44.9,22,29.5,-0.09,-106.6,N.A.,N.A.,-0.1,-0.1,-0.5,WA,Internet Services and Retailing
50,United Technologies,"59,783","5,130","89,409","218,300","25,914",15.1,3.9,12.5,5.66,3.1,5.8,9.9,8.6,5.7,19.8,CT,Aerospace and Defense
51,Dell,"56,940","2,372","47,540","110,050","10,680",-30.1,-16,-9.2,1.35,-28.2,0.6,5.4,4.2,5,22.2,TX,"Computers, Office Equipment"
52,Dow Chemical,"56,786","1,182","69,605","53,380","20,877",17.8,0,4.7,0.7,-65.9,-25.2,N.A.,2.1,1.7,5.7,MI,Chemicals
53,United Parcel Service,"54,127",807,"38,863","310,780","4,653",3.9,4.1,4.1,0.83,-78.4,18.2,-11.5,1.5,2.1,17.3,GA,"Mail, Package, and Freight Delivery"
54,Intel,"53,341","11,005","84,351","105,000","51,203",-11.8,-1.8,5.2,2.13,-10.9,12.5,16.6,20.6,13,21.5,CA,Semiconductors and Other Electronic Components
55,Google,"52,203","10,737","93,798","53,861","71,715",9.5,0.5,N.A.,32.31,8.6,19.4,N.A.,20.6,11.4,15,CA,Internet Services and Retailing
56,Lowe's,"50,521","1,959","32,666","202,500","13,857",42.9,11.5,7.8,1.69,18.2,-1.9,6.2,3.9,6,14.1,NC,Specialty Retailers: Other
57,Coca-Cola,"48,017","9,019","86,174","150,900","32,790",6.4,6.5,8,1.97,6.8,8.9,12.3,18.8,10.5,27.5,GA,Beverages
58,Merck,"47,267","6,168","106,132","83,000","53,020",13.1,-2.7,1.3,2,-1,6.1,-4.4,13,5.8,11.6,NJ,Pharmaceuticals
59,Lockheed Martin,"47,182","2,745","38,657","120,000",39,19.4,0.8,7.4,8.36,7,3.3,22.4,5.8,7.1,"7,038.5",MD,Aerospace and Defense
60,Cisco Systems,"46,061","8,041","91,759","66,639","51,286",11.7,-5.5,4.5,1.49,27.4,5,19.5,17.5,8.8,15.7,CA,Network and Other Communications Equipment
61,Best Buy,"45,087",-441,"16,787","165,000","3,061",-46.9,-24.1,-1.6,-1.3,N.A.,N.A.,N.A.,-1,-2.6,-14.4,MN,Specialty Retailers: Other
62,Safeway,"44,206.5",596.5,"14,657","171,000","2,927.9",-10,-9.9,-1.2,2.4,61.1,3.8,N.A.,1.3,4.1,20.4,CA,Food and Drug Stores
63,FedEx,"42,680","2,032","29,903","280,241","14,727",10.7,1.2,5.9,6.41,40.3,-0.2,10.6,4.8,6.8,13.8,TN,"Mail, Package, and Freight Delivery"
64,Enterprise Products Partners,"42,583.1","2,419.9","35,934.4","6,600","13,187.7",13.4,0,N.A.,2.71,13.9,N.A.,N.A.,5.7,6.7,18.3,TX,Pipelines
65,Sysco,"42,380.9","1,121.6","12,095","47,800","4,685",11.9,3.9,3.4,1.9,-3.1,3.5,6.5,2.6,9.3,23.9,TX,Wholesalers: Food and Grocery
66,Walt Disney,"42,278","5,682","74,898","166,000","39,759",36.9,10.8,13.5,3.13,24.2,6.8,18,13.4,7.6,14.3,CA,Entertainment
67,Johnson Controls,"41,955","1,226","30,884","170,000","11,555",1.1,-1,10.7,1.78,-24.6,-3.2,5.3,2.9,4,10.6,WI,Motor Vehicles and Parts
68,Goldman Sachs Group,"41,664","7,475","938,555","32,400","75,716",43.3,-8.9,7.6,14.13,213.3,-10.6,13.4,17.9,0.8,9.9,NY,Commercial Banks
69,CHS,"40,599.3","1,260.6","13,423.2","9,495","4,455.3",N.A.,0,N.A.,N.A.,N.A.,N.A.,N.A.,3.1,9.4,28.3,MN,Wholesalers: Food and Grocery
70,Abbott Laboratories,"39,873.9","5,962.9","67,234.9","92,939","26,721",20.3,6.5,8.7,3.72,23.6,10,7.6,15,8.9,22.3,IL,Pharmaceuticals
71,Sears Holdings,"39,854",-930,"19,340","274,000","2,755",39.8,-15.3,N.A.,-8.78,N.A.,N.A.,N.A.,-2.3,-4.8,-33.8,IL,General Merchandisers
72,DuPont,"39,528","2,788","49,736","70,000","10,088",1.7,4.8,4.4,2.95,-19.8,-1.7,N.A.,7.1,5.6,27.6,DE,Chemicals
73,Humana,"39,126","1,222","19,979","43,400","8,847",-20.7,-1.5,21.5,7.47,-11.7,8.8,24.3,3.1,6.1,13.8,KY,Health Care: Insurance and Managed Care
74,World Fuel Services,"38,945.3",189.3,"4,107.8","2,490","1,517.2",-1.6,23.8,23.9,2.64,-2.6,18.8,20.6,0.5,4.6,12.5,FL,Wholesalers: Diversified
75,Hess,"38,373","2,025","43,441","14,775","21,090",-5.9,-11.5,12.3,5.95,18.8,0.7,N.A.,5.3,4.7,9.6,NY,Petroleum Refining
76,Ingram Micro,"37,827.3",305.9,"11,480.4","20,800","3,611.3",-7,-1.3,3.2,1.99,30.1,5,N.A.,0.8,2.7,8.5,CA,Wholesalers: Electronics and Office Equipment
77,Plains All American Pipeline,"37,797","1,094","19,235","4,700","6,637",29.5,19.5,21.9,2.4,-1.6,13.8,13.6,2.9,5.7,16.5,TX,Pipelines
78,Honeywell International,"37,665","2,926","41,853","132,000","12,975",19.8,3.5,13,3.69,41.4,3.1,N.A.,7.8,7,22.6,NJ,Aerospace and Defense
79,United Continental Holdings,"37,152",-723,"37,628","88,000",481,23.9,-7,N.A.,-2.18,-196.5,N.A.,N.A.,-1.9,-1.9,-150.3,IL,Airlines
80,Oracle,"37,121","9,981","78,327","115,000","43,688",31.6,8.9,12.3,1.96,17.4,19.3,17.5,26.9,12.7,22.8,CA,Computer Software
81,Liberty Mutual Insurance Group,"36,944",829,"120,060","50,000","18,317",N.A.,0,N.A.,N.A.,N.A.,N.A.,N.A.,2.2,0.7,4.5,MA,Insurance: Property and Casualty (Stock)
82,HCA Holdings,"36,783","1,605","28,075","178,500","-9,660",69.5,0,N.A.,3.49,-29.8,N.A.,N.A.,4.4,5.7,N.A.,TN,Health Care: Medical Facilities
83,Delta Air Lines,"36,670","1,009","44,550","73,561","-2,131",46.7,-4.4,N.A.,1.19,17.8,N.A.,N.A.,2.8,2.3,N.A.,GA,Airlines
84,Aetna,"36,595.9","1,657.9","41,494.5","35,000","10,405.8",11.6,-3.7,16.7,4.81,-7.9,6.7,N.A.,4.5,4,15.9,CT,Health Care: Insurance and Managed Care
85,Deere,"36,157.1","3,064.7","56,265.8","66,859","6,842.1",14.1,0.5,16.4,7.63,15.1,13.8,27.6,8.5,5.4,44.8,IL,Construction and Farm Machinery
86,Supervalu,"36,100","-1,040","12,053","130,000",21,-68.6,-39.8,-14.9,-4.91,N.A.,N.A.,N.A.,-2.9,-8.6,"-4,952.4",MN,Food and Drug Stores
87,Sprint Nextel,"35,345","-4,326","51,570","39,000","7,087",142.3,-15.5,-7.3,-1.44,N.A.,N.A.,N.A.,-12.2,-8.4,-61,KS,Telecommunications
88,Mondelez International,"35,015","3,028","75,478","110,000","32,215",7.4,7.5,N.A.,1.69,-15.1,0.8,N.A.,8.6,4,9.4,IL,Food Consumer Products
89,New York Life Insurance,"34,308.6","1,333.2","222,724.4","11,166","16,568.5",N.A.,0,N.A.,N.A.,N.A.,N.A.,N.A.,3.9,0.6,8,NY,"Insurance: Life, Health (Mutual)"
90,American Express,"33,808","4,482","153,140","63,500","18,886",23.6,4,7.9,3.89,-5.6,3,6.8,13.3,2.9,23.7,NY,Commercial Banks
91,News Corp.,"33,706","1,179","56,663","48,000","24,684",44.1,5.5,N.A.,0.47,-54.8,-15.3,N.A.,3.5,2.1,4.8,NY,Entertainment
92,Allstate,"33,315","2,306","126,947","38,300","20,580",51.2,-2.1,3.6,4.68,209.9,-9.6,11.3,6.9,1.8,11.2,IL,Insurance: Property and Casualty (Stock)
93,Tyson Foods,"33,278",583,"11,896","115,000","6,012",-4.7,6.1,6.8,1.58,-19.8,16.1,3.9,1.8,4.9,9.7,AR,Food Production
94,Massachusetts Mutual Life Insurance,"32,872.2","1,114.6","216,533.4","9,500","12,686.9",N.A.,0,N.A.,N.A.,N.A.,N.A.,N.A.,3.4,0.5,8.8,MA,"Insurance: Life, Health (Mutual)"
95,Tesoro,"32,484",743,"10,702","5,761","4,251",89.8,-0.5,35.6,5.25,37.8,5.3,N.A.,2.3,6.9,17.5,TX,Petroleum Refining
96,Morgan Stanley,"32,355",68,"780,960","57,061","62,109",28,-17.2,-3.8,-0.02,-101.6,N.A.,N.A.,0.2,0,0.1,NY,Commercial Banks
97,TIAA-CREF,"32,156","2,060","451,775.5","8,260","29,309",N.A.,0,N.A.,N.A.,N.A.,N.A.,N.A.,6.4,0.5,7,NY,"Insurance: Life, Health (Mutual)"
98,General Dynamics,"31,513",-332,"34,309","92,200","11,390",8.3,-2.4,7.9,-0.94,-113.7,N.A.,N.A.,-1.1,-1,-2.9,VA,Aerospace and Defense
99,Philip Morris International,"31,377","8,800","37,670","87,100","-3,476",10.5,0,N.A.,5.17,6.6,N.A.,N.A.,28,23.4,N.A.,NY,Tobacco
100,Nationwide,"30,356.3",748.5,"153,543.2","31,657","13,825.7",N.A.,0,N.A.,N.A.,N.A.,N.A.,N.A.,2.5,0.5,5.4,OH,Insurance: Property and Casualty (Mutual)
101,3M,"29,904","4,444","33,876","87,677","17,575",16.6,4.8,6.8,6.32,6,2.4,9.7,14.9,13.1,25.3,MN,Miscellaneous
102,DirecTV,"29,740","2,949","20,555","28,450","-5,431",17.3,16.8,N.A.,4.58,32,30.5,N.A.,9.9,14.3,N.A.,CA,Telecommunications
103,Cigna,"29,119","1,623","53,734","35,800","9,769",27.4,0,15.1,5.61,15.9,7.7,N.A.,5.6,3,16.6,CT,Health Care: Insurance and Managed Care
104,Murphy Oil,"28,776.4",970.9,"17,522.6","6,341","8,942",14,-4.3,12.9,4.99,11.1,4.5,23.5,3.4,5.5,10.9,AR,Petroleum Refining
105,Time Warner,"28,729","3,019","68,304","34,000","29,877",35.8,9.6,7.5,3.09,14,-2.5,N.A.,10.5,4.4,10.1,NY,Entertainment
106,Halliburton,"28,503","2,635","27,410","73,000","15,765",1.7,-0.6,15.4,2.84,-7.8,-5.1,N.A.,9.2,9.6,16.7,TX,"Oil and Gas Equipment, Services"
107,International Paper,"27,833",794,"32,153","70,000","6,304",38.9,7.9,4.5,1.8,-41.4,-7.8,N.A.,2.9,2.5,12.6,TN,Forest and Paper Products
108,Publix Super Markets,"27,706.8","1,552.3","12,278.3","158,000","9,082.2",N.A.,0,N.A.,1.98,4.2,7,11.8,5.6,12.6,17.1,FL,Food and Drug Stores
109,Macy's,"27,686","1,335","20,991","175,700","6,051",23.6,10.5,12.1,3.24,11,10.5,4.6,4.8,6.4,22.1,OH,General Merchandisers
110,Fluor,"27,577.1",456.3,"8,276","41,193","3,341.3",18.5,-3.2,16.7,2.71,-20.3,-1.5,10.2,1.7,5.5,13.7,TX,"Engineering, Construction"
111,McDonald's,"27,567","5,464.8","35,386.5","440,000","15,293.6",-9.3,11.8,21.6,5.36,1.7,22,22.6,19.8,15.4,35.7,IL,Food Services
112,Hartford Financial Services Group,"26,412",-38,"298,513","22,500","22,447",41.1,-22.1,-4.9,-0.18,-113.8,N.A.,N.A.,-0.1,0,-0.2,CT,Insurance: Property and Casualty (Stock)
113,Rite Aid,"26,121.2",-368.6,"7,364.3","70,650","-2,586.8",7.9,-13.4,-5.7,-0.43,N.A.,N.A.,N.A.,-1.4,-5,N.A.,PA,Food and Drug Stores
114,Northwestern Mutual,"25,957",783,"202,450","5,045","16,175.8",N.A.,0,N.A.,N.A.,N.A.,N.A.,N.A.,3,0.4,4.8,WI,"Insurance: Life, Health (Mutual)"
115,TJX,"25,878.4","1,906.7","9,511.9","179,000","3,665.9",32.9,25.9,17.2,2.55,32.1,25.2,16.8,7.4,20,52,MA,Specialty Retailers: Apparel
116,Travelers Cos.,"25,740","2,473","104,938","30,500","25,405",24.7,8.9,10.7,6.3,87.5,-1.7,21.2,9.6,2.4,9.7,NY,Insurance: Property and Casualty (Stock)
117,Avnet,"25,707.5",567,"10,167.9","19,100","3,905.7",-1.5,-2.6,10.9,3.79,-12.7,7.6,N.A.,2.2,5.6,14.5,AZ,Wholesalers: Electronics and Office Equipment
118,Aflac,"25,364","2,866","131,094","8,965","15,978",26.4,-0.6,7.9,6.11,46.2,13,14.7,11.3,2.2,17.9,GA,"Insurance: Life, Health (Stock)"
119,Tech Data,"25,361",214.6,"6,806.3","9,089","1,977.6",-7.9,3.8,5.4,5.48,17.6,22.8,N.A.,0.8,3.2,10.9,FL,Wholesalers: Electronics and Office Equipment
120,Northrop Grumman,"25,218","1,978","26,543","68,100","9,514",19.5,2.2,7.1,7.81,3.9,8.8,46.6,7.8,7.5,20.8,VA,Aerospace and Defense
121,AMR,"24,855","-1,876","23,510","77,750","-7,987",127.1,-43.7,-19.1,-5.6,N.A.,N.A.,N.A.,-7.5,-8,N.A.,TX,Airlines
122,Staples,"24,671.9",-210.7,"12,280","67,554","6,128.2",-14.5,-11.3,0.7,-0.31,-122.1,N.A.,N.A.,-0.9,-1.7,-3.4,MA,Specialty Retailers: Other
123,Emerson Electric,"24,507","1,968","23,818","134,900","10,295",17.4,1.7,10.6,2.67,-18.3,0.1,33.8,8,8.3,19.1,MO,"Electronics, Electrical Equip."
124,Raytheon,"24,414","1,888","26,686","67,800","8,026",23.3,1.8,9.2,5.65,7,-0.5,N.A.,7.7,7.1,23.5,MA,Aerospace and Defense
125,Occidental Petroleum,"24,253","4,598","64,210","12,300","40,016",-15.7,2,20.8,5.67,-31.9,-2.5,15.8,19,7.2,11.5,CA,"Mining, Crude-Oil Production"
126,Nike,"24,128","2,223","15,465","44,000","10,381",8.7,11.7,18.2,4.73,7.7,10.1,14.5,9.2,14.4,21.4,OR,Apparel
127,Capital One Financial,"23,771","3,517","312,918","39,593","40,499",37.5,6.1,8,6.16,-9.4,9.2,4.6,14.8,1.1,8.7,VA,Commercial Banks
128,Alcoa,"23,700",191,"40,179","61,000","13,199",1.7,-23.5,-7.4,0.18,-67.3,-42.8,-9.5,0.8,0.5,1.4,NY,Metals
129,Exelon,"23,489","1,160","78,554","26,057","21,431",-27.2,-14.4,5.1,1.42,-62.1,-18.9,-4.4,4.9,1.5,5.4,IL,Utilities: Gas and Electric
130,Eli Lilly,"22,603.4","4,088.6","34,398.9","38,350","14,765.2",24,3.6,1.3,3.66,-6.2,6.2,3.9,18.1,11.9,27.7,IN,Pharmaceuticals
131,Xerox,"22,390","1,195","30,015","147,600","11,870",-12.3,-14.2,-0.7,0.88,-2.2,-5.9,46,5.3,4,10.1,CT,Information Technology Services
132,U.S. Bancorp,"22,202","5,647","353,855","64,486","38,998",20.7,2.9,7.9,2.84,15.4,3.2,5.2,25.4,1.6,14.5,MN,Commercial Banks
133,EMC,"21,713.9","2,732.6","38,068.7","60,000","22,357.1",17.5,6.4,15.2,1.23,11.8,9.8,N.A.,12.6,7.2,12.2,MA,Computer Peripherals
134,Time Warner Cable,"21,386","2,155","49,809","50,625","7,279",56.9,0,N.A.,6.9,38.8,N.A.,N.A.,10.1,4.3,29.6,NY,Telecommunications
135,Baker Hughes,"21,361","1,311","26,689","58,800","17,069",-14.9,-11.7,3.6,2.97,-25.2,-8.9,19.5,6.1,4.9,7.7,TX,"Oil and Gas Equipment, Services"
136,Kimberly-Clark,"21,063","1,750","19,873","58,000","4,985",19.1,8.2,9.8,4.42,10.8,1.6,3.2,8.3,8.8,35.1,TX,Household and Personal Products
137,Goodyear Tire & Rubber,"20,992",212,"16,973","69,000",370,-2.5,-13.3,7.3,0.74,-41.3,-22.5,N.A.,1,1.2,57.3,OH,Motor Vehicles and Parts
138,Union Pacific,"20,926","3,943","47,153","45,928","19,877",21.2,17,17.4,8.27,23.1,19.1,12.6,18.8,8.4,19.8,NE,Railroads
139,United Services Automobile Assn.,"20,728.6","2,832.3","115,588.7","25,065","22,135.7",N.A.,0,N.A.,N.A.,N.A.,N.A.,N.A.,13.7,2.5,12.8,TX,Insurance: Property and Casualty (Stock)
140,ManpowerGroup,"20,678",197.6,"7,012.6","28,000","2,500.8",21.4,-4,4.2,2.47,-18.8,-15.5,5.4,1,2.8,7.9,WI,Temporary Help
141,Arrow Electronics,"20,405.1",506.3,"10,785.7","16,500","3,983.2",1.8,-0.6,11.5,4.56,-11.8,6.8,N.A.,2.5,4.7,12.7,CO,Wholesalers: Electronics and Office Equipment
142,PBF Energy,"20,138.7",2,"4,253.7","1,612",419.8,N.A.,0,N.A.,0.08,N.A.,N.A.,N.A.,0,0,0.5,NJ,Petroleum Refining
143,HollyFrontier,"20,090.7","1,727.2","10,329","2,534","6,053",116.5,17.5,36.2,8.38,30.5,22.9,42,8.6,16.7,28.5,TX,Petroleum Refining
144,National Oilwell Varco,"20,041","2,491","31,484","55,948","20,239",1.2,-0.5,20.7,5.83,24,9.2,29.3,12.4,7.9,12.3,TX,"Oil and Gas Equipment, Services"
145,Duke Energy,"19,624","1,768","113,856","27,885","40,863",1.2,6.6,12,3.07,-20.1,-2.8,-1.7,9,1.6,4.3,NC,Utilities: Gas and Electric
146,Nucor,"19,429.3",504.6,"14,152.1","22,200","7,641.6",13.1,-2.7,19,1.58,-35.5,-20.4,11.8,2.6,3.6,6.6,NC,Metals
147,United States Steel,"19,328",-124,"15,217","39,000","3,477",-9,-27,7.2,-0.86,N.A.,N.A.,N.A.,-0.6,-0.8,-3.6,PA,Metals
148,Kohl's,"19,279",986,"13,905","82,500","6,048",-10.5,-0.3,-2.1,4.17,-3,4.2,8.4,5.1,7.1,16.3,WI,General Merchandisers
149,Qualcomm,"19,121","6,109","43,012","26,600","33,523",14.9,11.3,14.4,3.51,39.3,12.5,31.9,31.9,14.2,18.2,CA,Network and Other Communications Equipment
150,CenturyLink,"18,376",777,"54,020","47,000","19,289",13.1,6.7,7.3,1.25,16.8,-19.6,-13.9,4.2,1.4,4,LA,Telecommunications
151,Kraft Foods Group,"18,339","1,642","23,329","23,000","3,572",N.A.,0,N.A.,2.75,N.A.,N.A.,N.A.,9,7,46,IL,Food Consumer Products
152,Danaher,"18,270.3","2,392.2","32,941","63,000","19,016.5",19.1,5.2,13.2,3.36,8,9.9,21.7,13.1,7.3,12.6,DC,"Scientific,Photographic and  Control Equipment"
153,AES,"18,207",-912,"41,830","25,000","4,569",-9.3,-12.9,13.5,-1.21,"-1,828.6",N.A.,N.A.,-5,-2.2,-20,VA,Utilities: Gas and Electric
154,Whirlpool,"18,143",401,"15,396","68,000","4,260",120,7.6,9.7,5.06,1.4,-8.8,N.A.,2.2,2.6,9.4,MI,"Electronics, Electrical Equip."
155,Illinois Tool Works,"18,066","2,870","19,309","60,000","10,561",34.6,5.6,8.8,6.06,44.6,12.5,18,15.9,14.9,27.2,IL,Industrial Machinery
156,Freeport-McMoRan Copper & Gold,"18,010","3,041","35,440","34,000","17,543",-4.2,-5.7,18.6,3.19,-33.3,-3.2,22,16.9,8.6,17.3,AZ,"Mining, Crude-Oil Production"
157,Global Partners,"17,626",45.5,"2,329.8",788,436.5,26.6,9.9,N.A.,1.71,96.6,4.4,N.A.,0.3,2,10.4,MA,Wholesalers: Diversified
158,Bristol-Myers Squibb,"17,621","1,960","35,897","28,000","13,623",-3.7,9.6,8.5,1.16,-46.3,1.3,0.8,11.1,5.5,14.4,NY,Pharmaceuticals
159,Altria Group,"17,500","4,180","35,329","9,100","3,168",11.7,13.8,19.7,2.06,25.6,-14.9,-8.9,23.9,11.8,131.9,VA,Tobacco
160,Cummins,"17,334","1,645","12,548","46,000","6,603",25.3,13,33.7,8.67,-9.2,18.6,32.2,9.5,13.1,24.9,IN,Construction and Farm Machinery
161,Energy Transfer Equity,"17,288",302,"48,904","14,433","2,113",19,12.8,N.A.,1.13,-18.1,-6.1,N.A.,1.7,0.6,14.3,TX,Pipelines
162,Amgen,"17,265","4,345","54,298","18,000","19,060",36.8,13.8,6.3,5.52,36.6,14.4,N.A.,25.2,8,22.8,CA,Pharmaceuticals
163,Jabil Circuit,"17,151.9",394.7,"7,803.1","141,000","2,105.1",-0.4,7.2,2.1,1.87,8.1,39.8,27.1,2.3,5.1,18.7,FL,Semiconductors and Other Electronic Components
164,Southwest Airlines,"17,088",421,"18,596","45,861","6,992",20,-3.2,-2.9,0.56,143.5,-7.8,6.4,2.5,2.3,6,TX,Airlines
165,Colgate-Palmolive,"17,085","2,472","13,394","37,700","2,189",15.9,8.7,9.5,5.15,4.3,10,8.9,14.5,18.5,112.9,NY,Household and Personal Products
166,Progressive,"17,083.9",902.3,"22,694.7","25,889","6,007",15.3,5.1,8.2,1.48,-6.9,-2.2,7.1,5.3,4,15,OH,Insurance: Property and Casualty (Stock)
167,Apache,"17,078","2,001","60,737","5,976","31,331",-12.7,-5.5,11.9,4.92,-57.1,-10.1,10.6,11.7,3.3,6.4,TX,"Mining, Crude-Oil Production"
168,Paccar,"17,050.5","1,111.6","18,627.8","21,800","5,846.9",27.4,-0.9,16.3,3.12,9.1,-1.1,12.6,6.5,6,19,WA,Motor Vehicles and Parts
169,General Mills,"16,657.9","1,567.3","21,096.8","35,000","6,421.7",3.3,10.5,8.6,2.35,-13,8.1,13.4,9.4,7.4,24.4,MN,Food Consumer Products
170,PNC Financial Services Group,"16,606","3,013","305,107","53,616","39,003",3.7,0.1,6.5,5.3,-6,4,2.5,18.1,1,7.7,PA,Commercial Banks
171,Southern,"16,537","2,350","63,149","26,439","18,297",-3.5,7.1,9.2,2.67,4.7,3.2,3.7,14.2,3.7,12.8,GA,Utilities: Gas and Electric
172,Medtronic,"16,507","3,617","33,083","44,944","17,113",10.7,-1.7,0.5,3.41,19.2,7.2,15.6,21.9,10.9,21.1,MN,Medical Products and Equipment
173,TRW Automotive Holdings,"16,444","1,008","10,857","70,650","3,578",64.4,20.7,N.A.,7.83,-11.2,54.8,N.A.,6.1,9.3,28.2,MI,Motor Vehicles and Parts
174,Marathon Oil,"16,221","1,582","35,306","3,367","18,283",7.2,-1.3,19.7,2.23,-46,-17.1,10.4,9.8,4.5,8.7,TX,"Mining, Crude-Oil Production"
175,Dollar General,"16,022.1",952.7,"10,367.7","90,500","4,985.3",7.2,0,N.A.,2.85,28.4,N.A.,N.A.,5.9,9.2,19.1,TN,General Merchandisers
176,Computer Sciences,"15,877","-4,242","11,189","98,000","2,779",74.2,-3,2.1,-27.37,-678.6,N.A.,N.A.,-26.7,-37.9,-152.6,VA,Information Technology Services
177,AutoNation,"15,668.8",316.4,"7,203","21,000","1,688.5",7.7,20.4,12.2,2.52,31.9,12.6,7.8,2,4.4,18.7,FL,"Automotive Retailing, Services"
178,Icahn Enterprises,"15,654",379,"24,556","60,665","4,669",28.6,-17.1,18.8,3.75,-54.1,19.3,13.1,2.4,1.5,8.1,NY,Motor Vehicles and Parts
179,Gap,"15,651","1,135","7,470","136,000","2,894",70.4,10,8.8,2.33,49.4,17.3,15.7,7.3,15.2,39.2,CA,Specialty Retailers: Apparel
180,Bank of New York Mellon Corp.,"15,493","2,445","358,990","49,500","36,431",32,-10.3,3,2.03,N.A.,-1.4,5.1,15.8,0.7,6.7,NY,Commercial Banks
181,FirstEnergy,"15,303",770,"50,406","16,495","13,084",-0.9,-5.9,6.9,1.84,-16.7,-15.3,-1.5,5,1.5,5.9,OH,Utilities: Gas and Electric
182,PPG Industries,"15,200",941,"15,878","39,200","4,063",65.6,17.8,13.9,6.06,-11.8,3.8,N.A.,6.2,5.9,23.2,PA,Chemicals
183,PG&E; Corp.,"15,040",816,"52,449","20,593","13,074",1.7,2.8,14.5,1.92,-8.6,-7.1,N.A.,5.4,1.6,6.2,CA,Utilities: Gas and Electric
184,Community Health Systems,"14,988.2",265.6,"16,606.3","84,000","2,731.2",77.6,-3.4,4.2,2.96,32.7,56,11.5,1.8,1.6,9.7,TN,Health Care: Medical Facilities
185,American Electric Power,"14,945","1,259","54,367","18,513","15,237",8.1,3.2,9.5,2.6,-35.3,-0.9,N.A.,8.4,2.3,8.3,OH,Utilities: Gas and Electric
186,CBS,"14,677","1,574","26,466","23,430","10,213",42,10.1,4,2.39,24.5,6.7,11.3,10.7,5.9,15.4,NY,Entertainment
187,Lear,"14,567","1,282.8","8,194.1","113,400","3,487.1",19.3,0,N.A.,12.85,153,N.A.,N.A.,8.8,15.7,36.8,MI,Motor Vehicles and Parts
188,Loews,"14,552",568,"80,021","18,300","19,459",8.9,-3.5,11.5,1.43,-45.6,-17.1,0.4,3.9,0.7,2.9,NY,Insurance: Property and Casualty (Stock)
189,DISH Network,"14,266.5",636.7,"17,379.6","35,000",36.9,31.4,5.6,8.7,1.41,-58.4,-3.4,N.A.,4.5,3.7,"1,727",CO,Telecommunications
190,NextEra Energy,"14,256","1,911","64,439","14,800","16,068",17.8,4.1,12.6,4.56,-0.7,6.9,12.8,13.4,3,11.9,FL,Utilities: Gas and Electric
191,Omnicom Group,"14,219.4",998.3,"22,151.9","71,100","3,460.8",15.4,3.1,6.1,3.61,8.4,4.1,7.7,7,4.5,28.8,NY,"Advertising, marketing"
192,Kellogg,"14,197",961,"15,184","31,006","2,419",14.2,4.4,7.9,2.67,-21,-0.7,4.3,6.8,6.3,39.7,MI,Food Consumer Products
193,Baxter International,"14,190","2,326","20,390","50,800","6,938",38.3,5,11.2,4.18,7.7,9.9,12.7,16.4,11.4,33.5,IL,Medical Products and Equipment
194,Land O'Lakes,"14,116.2",240.4,"6,356.7","9,600","1,194.1",N.A.,0,N.A.,N.A.,N.A.,N.A.,N.A.,1.7,3.8,20.1,MN,Food Consumer Products
195,Coventry Health Care,"14,113.4",487.1,"8,751","14,400","4,722.9",49.2,-5.2,13.4,3.52,-4.1,-2.4,12.8,3.5,5.6,10.3,MD,Health Care: Insurance and Managed Care
196,eBay,"14,072","2,609","37,074","30,750","20,865",68.1,9,11.6,1.99,-19.1,51.4,25.1,18.5,7,12.5,CA,Internet Services and Retailing
197,L-3 Communications,"14,057",810,"13,826","51,000","5,463",22.9,-3.5,7.4,8.3,-8.1,6.8,15.7,5.8,5.9,14.8,NY,Aerospace and Defense
198,Viacom,"13,887","1,981","22,250","10,250","7,448",19.3,4.9,N.A.,3.69,2.8,6.3,N.A.,14.3,8.9,26.6,NY,Entertainment
199,US Airways Group,"13,831",637,"9,396","36,500",790,166.3,-1.7,N.A.,3.28,645.5,-6.2,N.A.,4.6,6.8,80.6,AZ,Airlines
200,Waste Management,"13,649",817,"23,097","43,500","6,354",7.6,4.6,7.1,1.76,-13.7,-4.6,2.8,6,3.5,12.9,TX,Waste Management
201,Yum Brands,"13,633","1,597","9,011","300,725","2,154",14.5,14,20.2,3.38,23.4,15,13.7,11.7,17.7,74.1,KY,Food Services
202,Chubb,"13,595","1,545","52,184","10,200","15,827",11.3,9.6,13.9,5.69,-1.2,-4.1,24.3,11.4,3,9.8,NJ,Insurance: Property and Casualty (Stock)
203,Penske Automotive Group,"13,593.2",185.5,"5,379","16,700","1,304.2",59.1,12.8,18.4,2.05,5.7,8.7,10.5,1.4,3.4,14.2,MI,"Automotive Retailing, Services"
204,"Toys ""R"" Us","13,543",38,"8,921","68,000",485,N.A.,0,N.A.,0.38,-86.9,-38.8,N.A.,0.3,0.4,7.8,NJ,Specialty Retailers: Other
205,Aramark,"13,505.4",138.2,"10,476.3","210,000","1,538.6",N.A.,0,N.A.,N.A.,N.A.,N.A.,N.A.,1,1.3,9,PA,Diversified Outsourcing Services
206,Monsanto,"13,504","2,045","20,224","23,750","11,833",37.2,-1.9,27.4,3.79,28,16.2,N.A.,15.1,10.1,17.3,MO,Chemicals
207,Anadarko Petroleum,"13,411","2,391","52,589","5,200","20,629",-2.1,3.1,12.8,4.74,N.A.,-10.1,11.4,17.8,4.5,11.6,TX,"Mining, Crude-Oil Production"
208,Starbucks,"13,299.5","1,383.8","8,219.2","160,000","5,109",18.2,22.3,18.6,1.79,10.5,15.5,20.8,10.4,16.8,27.1,WA,Food Services
209,ConAgra Foods,"13,263.1",467.9,"11,441.9","26,100","4,439.5",15.9,8.5,5.6,1.12,-40.4,-5.8,-2.5,3.5,4.1,10.5,NE,Food Consumer Products
210,Dominion Resources,"13,150",302,"46,838","15,500","10,568",1.6,6.2,10.9,0.53,-78.4,-32.8,-14.1,2.3,0.6,2.9,VA,Utilities: Gas and Electric
211,Parker-Hannifin,"13,145.9","1,151.8","11,170.3","59,331","4,896.5",13.7,4.4,12.5,7.45,17,9.8,25.9,8.8,10.3,23.5,OH,Industrial Machinery
212,Edison International,"13,104",-183,"44,394","16,593","9,432",12.4,0,17.5,-0.56,N.A.,N.A.,N.A.,-1.4,-0.4,-1.9,CA,Utilities: Gas and Electric
213,Smithfield Foods,"13,094.3",361.3,"7,422.2","46,050","3,387.3",-11.2,-5.7,0.8,2.21,-29.2,8.2,2.2,2.8,4.9,10.7,VA,Food Production
214,Genuine Parts,"13,013.9",648,"6,807.1","31,900","2,997.9",7.2,10.6,11.3,4.14,15.6,6.8,N.A.,5,9.5,21.6,GA,Wholesalers: Diversified
215,J.C. Penney,"12,985",-985,"9,781","116,000","3,171",-43.3,-12.8,0.4,-4.49,N.A.,N.A.,N.A.,-7.6,-10.1,-31.1,TX,General Merchandisers
216,Navistar International,"12,948","-3,010","9,102","17,700","-3,310",-42.5,-16.7,-1.1,-43.56,-292.4,N.A.,N.A.,-23.2,-33.1,N.A.,IL,Motor Vehicles and Parts
217,Dean Foods,"12,900.6",158.6,"5,687.1","21,915",357.2,47.4,-8.6,1.3,0.85,N.A.,-2.4,-3.4,1.2,2.8,44.4,TX,Food Consumer Products
218,Texas Instruments,"12,825","1,759","20,021","34,151","10,961",8.7,0.4,8.8,1.51,-19.7,-3.9,N.A.,13.7,8.8,16,TX,Semiconductors and Other Electronic Components
219,Oneok,"12,660.2",360.6,"15,855.3","4,859","2,129.6",1.6,18.3,20.4,1.71,1.8,4.2,9.4,2.8,2.3,16.9,OK,Pipelines
220,Thermo Fisher Scientific,"12,657","1,177.9","27,444.6","38,900","15,464.7",42.8,2.2,12.3,3.21,-7.2,13.3,6.4,9.3,4.3,7.6,MA,"Scientific,Photographic and  Control Equipment"
221,Ally Financial,"12,643","1,196","182,347","10,600","19,898",N.A.,0,N.A.,N.A.,N.A.,N.A.,N.A.,9.5,0.7,6,MI,Commercial Banks
222,Western Digital,"12,478","1,612","14,206","103,111","7,669",39.1,7.3,21,6.58,112.9,21.4,34.5,12.9,11.3,21,CA,Computer Peripherals
223,Chesapeake Energy,"12,316",-769,"41,611","12,000","15,569",-24.1,-14.7,9.2,-1.46,-162.9,N.A.,N.A.,-6.2,-1.8,-4.9,OK,"Mining, Crude-Oil Production"
224,PPL,"12,286","1,526","43,634","17,729","10,480",2.3,-7.2,9.3,2.6,-3.7,-4.9,14.4,12.4,3.5,14.6,PA,Utilities: Gas and Electric
225,Textron,"12,237",589,"13,033","33,000","2,991",34.5,-18.2,3.1,2,153.2,-11.1,N.A.,4.8,4.5,19.7,RI,Aerospace and Defense
226,Consolidated Edison,"12,188","1,138","41,209","14,529","11,869",-6.8,7.9,8,3.86,8.1,2.2,2.5,9.3,2.8,9.6,NY,Utilities: Gas and Electric
227,Nordstrom,"12,148",735,"8,089","61,000","1,913",9.8,10.3,21,3.56,13.4,4.3,26.9,6.1,9.1,38.4,WA,General Merchandisers
228,Marsh & McLennan,"11,924","1,176","16,288","54,000","6,542",12,8.8,0,2.13,19,-14,-1.4,9.9,7.2,18,NY,Diversified Financials
229,Ecolab,"11,838.7",703.6,"17,572.3","40,860","6,077",26.3,8.5,12.6,2.35,23,6.7,11.4,5.9,4,11.6,MN,Chemicals
230,Marriott International,"11,814",571,"6,342","127,000","-1,285",29.8,4.2,10.2,1.72,212.7,-0.1,12.2,4.8,9,N.A.,MD,"Hotels, Casinos, Resorts"
231,CSX,"11,756","1,859","30,571","32,120","8,988",-4,8.4,17.3,1.79,7.2,12.4,18.4,15.8,6.1,20.7,FL,Railroads
232,Whole Foods Market,"11,698.8",465.6,"5,294.2","62,900","3,802.5",34.7,18.8,14.6,2.52,30.6,14.3,13.7,4,8.8,12.2,TX,Food and Drug Stores
233,EOG Resources,"11,682.6",570.3,"27,336.6","2,650","13,284.8",23.4,6.9,20.3,2.11,-48.5,-13.6,20.6,4.9,2.1,4.3,TX,"Mining, Crude-Oil Production"
234,H.J. Heinz,"11,649.1",923.2,"11,983.3","32,200","2,758.6",11.7,8.6,9.7,2.85,-6.9,3.8,1.9,7.9,7.7,33.5,PA,Food Consumer Products
235,Lincoln National,"11,532","1,313","218,869","8,700","14,973",35.2,-13.5,0.4,4.56,395.7,0.6,25,11.4,0.6,8.8,PA,"Insurance: Life, Health (Stock)"
236,Health Net,"11,481.2",122.1,"3,934.4","7,332","1,557",-20.1,-12.8,-0.8,1.47,83.8,-2.9,-2.1,1.1,3.1,7.8,CA,Health Care: Insurance and Managed Care
237,C.H. Robinson Worldwide,"11,359.1",593.8,"2,804.2","10,929","1,504.4",-7,5.1,16.8,3.67,40.1,14.6,20.7,5.2,21.2,39.5,MN,Transportation and Logistics
238,Guardian Life Ins. Co. of America,"11,293.9",265.8,"52,801","4,640","4,752",N.A.,0,N.A.,N.A.,N.A.,N.A.,N.A.,2.4,0.5,5.6,NY,"Insurance: Life, Health (Mutual)"
239,SunTrust Banks,"11,240","1,958","173,442","26,778","20,871",61.4,-12.9,-4.3,3.59,281.9,-4.6,-2.6,17.4,1.1,9.4,GA,Commercial Banks
240,SAIC,"11,229",525,"5,875","40,000","2,618",-5,-10.3,N.A.,1.54,755.6,9,N.A.,4.7,8.9,20.1,VA,Information Technology Services
241,Huntsman,"11,224",363,"8,884","12,000","1,773",63.5,-5.2,N.A.,1.51,48,N.A.,N.A.,3.2,4.1,20.5,UT,Chemicals
241,Praxair,"11,224","1,692","18,090","26,539","6,064",4.5,6.5,16.3,5.61,2.9,9.2,16.3,15.1,9.4,27.9,CT,Chemicals
243,Peter Kiewit Sons',"11,220",290,"6,793","30,000","3,544",N.A.,0,N.A.,N.A.,N.A.,N.A.,N.A.,2.6,4.3,8.2,NE,"Engineering, Construction"
244,Las Vegas Sands,"11,131.1","1,524.1","22,163.7","46,000","7,061.8",16.8,-13.5,N.A.,1.85,18.6,41.2,N.A.,13.7,6.9,21.6,NV,"Hotels, Casinos, Resorts"
245,Stanley Black & Decker,"11,121.1",883.8,"15,844","45,327","6,667.1",12.2,11.8,10.8,5.3,33.5,5.8,9.7,7.9,5.6,13.3,CT,"Home Equipment, Furnishings"
246,Mosaic,"11,107.8","1,930.2","16,690.4","8,000","11,983.1",13.8,-8.8,N.A.,4.42,-21.4,36,N.A.,17.4,11.6,16.1,MN,Chemicals
247,Norfolk Southern,"11,040","1,749","30,342","30,943","9,760",-12.6,7,14.3,5.37,-1.5,7.9,16.4,15.8,5.8,17.9,VA,Railroads
248,URS,"10,972.5",310.6,"8,786.5","54,000","3,621.1",13.6,-6,10.9,4.17,N.A.,12.2,7.5,2.8,3.5,8.6,CA,"Engineering, Construction"
249,Jacobs Engineering Group,"10,893.8",379,"6,839.4","56,000","3,722.5",4.9,-14.9,9.1,2.94,13.1,4.6,11.5,3.5,5.5,10.2,CA,"Engineering, Construction"
250,VF,"10,879.9","1,086","9,633","57,000","5,125.6",21.3,20.5,18.5,9.7,21.6,13.2,N.A.,10,11.3,21.2,NC,Apparel
251,BB&T; Corp.,"10,737","1,979","183,872","33,981","21,158",18.6,2.7,1.3,2.7,47.5,-3,-0.1,18.4,1.1,9.4,NC,Commercial Banks
252,Avon Products,"10,717.1",-42.5,"7,382.5","39,100","1,217.1",-13.9,-15.4,-3.6,-0.1,-108.5,N.A.,N.A.,-0.4,-0.6,-3.5,NY,Household and Personal Products
253,Office Depot,"10,695.7",-77.1,"4,010.8","38,000",661.4,52.6,-25.1,-14,-0.39,-277.3,N.A.,N.A.,-0.7,-1.9,-11.7,FL,Specialty Retailers: Other
254,First Data,"10,680.3",-700.9,"37,899","23,640",-598.5,N.A.,0,N.A.,N.A.,N.A.,N.A.,N.A.,-6.6,-1.8,N.A.,GA,Financial Data Services
255,Automatic Data Processing,"10,665.2","1,388.5","30,815.5","57,000","6,114",8.4,8.3,7.3,2.82,11.9,6.7,4.9,13,4.5,22.7,NJ,Diversified Outsourcing Services
256,Liberty Global,"10,604.5",322.8,"38,307.7","22,000","2,210",53.4,9.9,N.A.,1.21,N.A.,N.A.,N.A.,3,0.8,14.6,CO,Telecommunications
257,Unum Group,"10,515.4",894.4,"62,236.1","9,100","8,612.6",1.1,-0.8,3.6,3.17,306.4,10.7,6.7,8.5,1.4,10.4,TN,"Insurance: Life, Health (Stock)"
258,L Brands,"10,458.7",753,"6,019","59,500","-1,015",29.6,31,19.5,2.54,-5.9,6.1,10.2,7.2,12.5,N.A.,OH,Specialty Retailers: Apparel
259,CarMax,"10,453.8",413.8,"8,331.5","16,460","2,673.1",23.2,13.7,15.4,1.79,8.5,14.2,N.A.,4,5,15.5,VA,"Automotive Retailing, Services"
260,Visa,"10,421","2,144","40,013","8,500","27,630",50.5,0,N.A.,N.A.,N.A.,N.A.,N.A.,20.6,5.4,7.8,CA,Financial Data Services
261,Entergy,"10,302.1",846.7,"43,202.5","14,625","9,197.1",-8.2,-8,7.1,4.76,-37,-3.2,6.1,8.2,2,9.2,LA,Utilities: Gas and Electric
262,Synnex,"10,285.5",151.4,"2,963.3","11,615","1,319",12.9,11.9,N.A.,3.99,-2.2,15.6,N.A.,1.5,5.1,11.5,CA,Wholesalers: Electronics and Office Equipment
263,Ameriprise Financial,"10,259","1,029","134,729","12,235","9,092",29.6,4.9,N.A.,4.62,5.7,6.4,N.A.,10,0.8,11.3,MN,Diversified Financials
264,R.R. Donnelley & Sons,"10,221.9",-651.4,"7,262.7","57,000",52.8,-31.5,-19.6,-3.7,-3.61,N.A.,N.A.,N.A.,-6.4,-9,"-1,233.7",IL,"Publishing, Printing"
265,Kinder Morgan,"10,200",315,"68,185","10,685","13,865",14.4,0,N.A.,N.A.,N.A.,N.A.,N.A.,3.1,0.5,2.3,TX,Pipelines
266,Xcel Energy,"10,128.2",905.2,"31,140.7","11,113","8,874.1",0.4,8.1,14.3,1.85,7.6,6.5,N.A.,8.9,2.9,10.2,MN,Utilities: Gas and Electric
267,CDW,"10,128.2",119,"5,700.1","6,800",136.5,N.A.,0,N.A.,N.A.,N.A.,N.A.,N.A.,1.2,2.1,87.2,IL,Information Technology Services
268,State Street Corp.,"10,125","2,061","222,582","29,660","20,869",19.1,-9.3,3.2,4.2,10.8,4,3.1,20.4,0.9,9.9,MA,Commercial Banks
269,Tenet Healthcare,"10,058",152,"9,044","52,065","1,143",58.2,9.8,-6.8,1.3,170.8,N.A.,-14.5,1.5,1.7,13.3,TX,Health Care: Medical Facilities
270,Liberty Interactive,"10,054","1,530","26,255","22,078","7,562",21.4,0,N.A.,N.A.,N.A.,N.A.,N.A.,15.2,5.8,20.2,CO,Internet Services and Retailing
271,Genworth Financial,"10,023",323,"113,312","6,300","16,537",14.7,-21,N.A.,0.65,160,-25,N.A.,3.2,0.3,2,VA,"Insurance: Life, Health (Stock)"
272,AGCO,"9,962.2",522.1,"7,721.8","20,320","3,448.2",14.3,-6.3,8.3,5.3,-10.9,15.8,N.A.,5.2,6.8,15.1,GA,Construction and Farm Machinery
273,Air Products & Chemicals,"9,869.7","1,167.3","16,941.8","21,100","6,477.2",1.6,-0.6,9.5,5.44,-3.4,3.2,8.7,11.8,6.9,18,PA,Chemicals
274,Newmont Mining,"9,868","1,809","29,650","16,400","13,773",-20.4,0.4,6,3.63,397.3,N.A.,24.4,18.3,6.1,13.1,CO,"Mining, Crude-Oil Production"
275,Reinsurance Group of America,"9,840.9",631.9,"40,360.4","1,766","6,910.2",4,0,N.A.,8.52,5.3,N.A.,N.A.,6.4,1.6,9.1,MO,"Insurance: Life, Health (Stock)"
276,Public Service Enterprise Group,"9,781","1,275","31,725","9,798","10,780",-3,-5.2,11.1,2.51,-15.2,-0.9,15.7,13,4,11.8,NJ,Utilities: Gas and Electric
277,KKR,"9,739.6",560.8,"44,426.4",926,"2,004.4",26.4,0,N.A.,2.21,"22,000",N.A.,N.A.,5.8,1.3,28,NY,Securities
278,Ross Stores,"9,721.1",786.8,"3,670.6","36,750","1,766.9",14.9,35,18.8,3.53,23.4,30,18.8,8.1,21.4,44.5,CA,Specialty Retailers: Apparel
279,Estee Lauder,"9,713.6",856.9,"6,593","38,500","2,733.2",7.9,23.9,17.7,2.16,24.1,14.9,20,8.8,13,31.4,NY,Household and Personal Products
280,Gilead Sciences,"9,702.5","2,591.6","21,239.8","5,000","9,309.7",79.5,9.8,24.1,1.64,-7.6,14.3,43.7,26.7,12.2,27.8,CA,Pharmaceuticals
281,Sempra Energy,"9,647",859,"36,499","16,893","10,282",33.6,6.1,15,3.48,-38.1,-3.5,1.9,8.9,2.4,8.4,CA,Utilities: Gas and Electric
282,Sherwin-Williams,"9,534.5",631,"6,234.7","34,154","1,791.8",74.4,24,20.8,6.02,45.4,5.1,21.8,6.6,10.1,35.2,OH,Chemicals
283,Western Refining,"9,503.1",398.9,"2,480.4","3,800",909.1,134.2,5.3,N.A.,3.71,176.9,1,N.A.,4.2,16.1,43.9,TX,Petroleum Refining
284,Devon Energy,"9,502",-206,"43,326","5,700","21,278",-14.9,-9.2,9.4,-0.52,-104.6,N.A.,N.A.,-2.2,-0.5,-1,OK,"Mining, Crude-Oil Production"
285,Bed Bath & Beyond,"9,499.9",989.5,"5,724.5","48,000","3,922.5",-3.6,13.7,4.9,4.06,32.2,14.2,18.6,10.4,17.3,25.2,NJ,Specialty Retailers: Other
286,BlackRock,"9,337","2,458","200,451","10,500","25,403",19.7,1.5,N.A.,13.79,11.5,12.9,N.A.,26.3,1.2,9.7,NY,Securities
287,Family Dollar Stores,"9,331",422.2,"3,373.1","44,000","1,297.6",11.8,29.2,9,3.58,14.7,17.2,11.1,4.5,12.5,32.5,NC,General Merchandisers
288,Hillshire Brands,"9,323",845,"2,450","9,500",235,4.2,7,3.2,7.13,-30.8,16,1.5,9.1,34.5,359.6,IL,Food Consumer Products
289,Leucadia National,"9,293.9",854.5,"9,349.1","10,943","6,767.3",5.7,-12.2,7.3,3.44,"3,340",10.4,13.6,9.2,9.1,12.6,NY,Food Production
290,Principal Financial,"9,215.1",805.9,"161,926.5","13,373","9,753.2",19.2,-14.1,1.3,2.57,19.5,-3.6,20.1,8.7,0.5,8.3,IA,"Insurance: Life, Health (Stock)"
291,Rock-Tenn,"9,207.6",249.1,"10,687.1","26,300","3,405.7",23.2,24.1,20,3.45,24.5,10.8,16.2,2.7,2.3,7.3,GA,"Packaging, Containers"
292,MGM Resorts International,"9,160.8","-1,767.7","26,284.7","58,350","4,365.5",11.6,-32.7,-3.4,-3.62,-164.4,N.A.,N.A.,-19.3,-6.7,-40.5,NV,"Hotels, Casinos, Resorts"
293,Hertz Global Holdings,"9,020.8",243.1,"23,286","30,200","2,507.3",38.8,0.5,N.A.,0.54,35,-7.8,N.A.,2.7,1,9.7,NJ,"Automotive Retailing, Services"
294,Discover Financial Services,"8,984","2,345","75,283","13,009","9,778",62.6,22,N.A.,4.46,9.9,29.4,N.A.,26.1,3.1,24,IL,Commercial Banks
295,W.W. Grainger,"8,950",689.9,"5,014.6","21,750","3,023.9",9.8,20.5,16.6,9.52,5,14,15.6,7.7,13.8,22.8,IL,Wholesalers: Diversified
296,Henry Schein,"8,940",388.1,"5,334","15,000","2,613.6",24.8,5.5,13.6,4.32,8.8,12.9,12.6,4.3,7.3,14.8,NY,Wholesalers: Health Care
297,Owens & Minor,"8,908.1",109,"2,207.7","6,500",972.5,5.7,2.6,12.4,1.72,-5,7.6,7.3,1.2,4.9,11.2,VA,Wholesalers: Health Care
298,GameStop,"8,886.7",-269.7,"4,133.6","33,566","2,286.3",7.6,-16,N.A.,-2.13,-188.4,N.A.,N.A.,-3,-6.5,-11.8,TX,Specialty Retailers: Other
299,DTE Energy,"8,846",610,"26,339","9,900","7,373",14.9,11.9,7.8,3.55,-15.1,-9,-0.8,6.9,2.3,8.3,MI,Utilities: Gas and Electric
300,Caesars Entertainment,"8,798.7","-1,497.5","27,998.1","68,000",-411.7,N.A.,0,N.A.,-11.95,N.A.,N.A.,N.A.,-17,-5.3,N.A.,NV,"Hotels, Casinos, Resorts"
301,Ball,"8,735.7",403.5,"7,507.1","15,000","1,114.6",26.5,15.7,14.3,2.55,-3,13.2,14.2,4.6,5.4,36.2,CO,"Packaging, Containers"
302,Applied Materials,"8,719",109,"12,102","14,776","7,235",10.1,-6.3,0.1,0.09,-93.8,-40.4,-5.6,1.3,0.9,1.5,CA,Semiconductors and Other Electronic Components
303,Centene,"8,703.6",1.9,"2,741.7","6,800",953.1,3.6,8.4,13.9,0.03,-98.6,-55.1,-27.4,0,0.1,0.2,MO,Health Care: Insurance and Managed Care
304,Motorola Solutions,"8,698",881,"12,679","22,000","3,265",22.6,-1.8,7.1,2.96,-13.2,N.A.,N.A.,10.1,6.9,27,IL,Network and Other Communications Equipment
305,Stryker,"8,657","1,298","13,206","22,010","8,597",12,-4.9,7.3,3.39,-1.7,6.8,14.8,15,9.8,15.1,MI,Medical Products and Equipment
306,AutoZone,"8,603.9",930.4,"6,265.6","55,650","-1,548",9.1,24.2,17.5,23.48,20.6,22.4,19.4,10.8,14.8,N.A.,TN,Specialty Retailers: Other
307,Sonic Automotive,"8,548.4",89.1,"2,776.7","9,300",526.5,42.1,4,5.6,1.53,18.6,-6.4,-4.7,1,3.2,16.9,NC,"Automotive Retailing, Services"
308,Dover,"8,538.8",811.1,"10,443.9","35,000","4,919.2",15.7,9.9,10.6,4.41,-7,6.2,N.A.,9.5,7.8,16.5,IL,Industrial Machinery
309,Assurant,"8,508.3",483.7,"28,946.6","14,403","5,185.4",-13.6,-10.6,N.A.,5.67,1.6,1.1,N.A.,5.7,1.7,9.3,NY,Insurance: Property and Casualty (Stock)
310,Cameron International,"8,502.1",750.5,"11,158.2","27,000","5,566.1",14.8,3.2,16.3,3.02,44.5,6.9,27.1,8.8,6.7,13.5,TX,"Oil and Gas Equipment, Services"
311,DaVita HealthCare Partners,"8,489.5",536,"16,018.6","53,400","3,763.1",45.8,14.4,21,5.47,10.3,9,15.4,6.3,3.3,14.2,CO,Health Care: Medical Facilities
312,Crown Holdings,"8,470",557,"7,490","21,900",-162,9.6,7.5,16.6,3.75,104.9,3.3,N.A.,6.6,7.4,N.A.,PA,"Packaging, Containers"
313,Reliance Steel & Aluminum,"8,442.3",403.5,"5,857.7","11,600","3,558.4",29.4,3.9,20.7,5.33,16.4,-0.1,27.4,4.8,6.9,11.3,CA,Metals
314,NRG Energy,"8,422",559,"35,128","9,067","10,264",28,-11.8,N.A.,2.35,201.3,3.2,N.A.,6.6,1.6,5.4,NJ,Energy
315,Peabody Energy,"8,306.6",-585.7,"15,809","8,200","4,904.9",-18.6,-14.8,15.5,-2.19,-162.2,N.A.,N.A.,-7.1,-3.7,-11.9,MO,"Mining, Crude-Oil Production"
316,Reynolds American,"8,304","1,272","16,557","5,025","5,257",5.5,11.6,22.1,2.24,-6.7,0.2,N.A.,15.3,7.7,24.2,NC,Tobacco
317,Autoliv,"8,266.7",483.1,"6,570.3","46,300","3,758.6",29.9,7.8,15.2,5.08,-23.6,6.7,10.7,5.8,7.4,12.9,MI,Motor Vehicles and Parts
318,Micron Technology,"8,234","-1,032","14,328","27,400","7,700",0.8,-2.6,-4.2,-1.04,-711.8,N.A.,N.A.,-12.5,-7.2,-13.4,ID,Semiconductors and Other Electronic Components
319,Hormel Foods,"8,230.7",500.1,"4,564","19,700","2,819.5",8.7,11.2,12.3,1.86,6.9,11.4,10.7,6.1,11,17.7,MN,Food Consumer Products
320,AECOM Technology,"8,218.2",-58.6,"5,664.6","46,800","2,169.5",15.7,-3.6,N.A.,-0.52,-122.3,N.A.,N.A.,-0.7,-1,-2.7,CA,"Engineering, Construction"
321,Ashland,"8,206",26,"12,524","15,000","4,029",42.4,12.9,14.8,0.33,-93.6,-38,-15,0.3,0.2,0.6,KY,Chemicals
322,Oshkosh,"8,193.3",230.8,"4,947.8","13,200","1,853.5",38.7,-8.1,7.6,2.51,-16.1,-6.9,11.3,2.8,4.7,12.5,WI,Motor Vehicles and Parts
323,Republic Services,"8,118.3",571.8,"19,616.9","30,000","7,703.3",9.9,1.5,9.9,1.55,-0.6,0.5,4.9,7,2.9,7.4,AZ,Waste Management
324,Eastman Chemical,"8,102",437,"11,619","13,500","2,943",78.7,21,17.9,2.93,-39.7,10.4,22.2,5.4,3.8,14.8,TN,Chemicals
325,Thrivent Financial for Lutherans,"8,018.4",487.6,"71,584.6","2,983","4,385.9",N.A.,0,N.A.,N.A.,N.A.,N.A.,N.A.,6.1,0.7,11.1,MN,"Insurance: Life, Health (Mutual)"
326,Corning,"8,012","1,728","29,375","28,700","21,486",-0.4,-10.7,15.2,1.15,-35,-3,N.A.,21.6,5.9,8,NY,Network and Other Communications Equipment
327,Broadcom,"8,006",719,"11,208","11,300","7,839",14.4,5.6,13.1,1.25,-24.2,27.6,N.A.,9,6.4,9.2,CA,Semiconductors and Other Electronic Components
328,Darden Restaurants,"7,998.7",475.5,"5,944.2","181,468","1,842",2.6,13.6,10.3,3.57,5.3,21.5,10.6,5.9,8,25.8,FL,Food Services
329,TravelCenters of America,"7,995.7",32.2,"1,018.3","17,750",353.4,10.6,-17.8,N.A.,1.12,14.3,N.A.,N.A.,0.4,3.2,9.1,OH,Specialty Retailers: Other
330,HD Supply,"7,994",-639,"7,678","14,400",-881,N.A.,0,N.A.,N.A.,N.A.,N.A.,N.A.,-8,-8.3,N.A.,GA,Wholesalers: Diversified
331,Spectrum Group International,"7,974.8",4.1,387.9,190,92.4,-14.4,0.4,3.9,0.12,9.1,N.A.,N.A.,0.1,1,4.4,CA,Miscellaneous
332,Becton Dickinson,"7,946.8","1,169.9","11,360.9","29,555","4,135.9",7.2,0.7,11.6,5.59,-0.5,9.9,12.1,14.7,10.3,28.3,NJ,Medical Products and Equipment
333,Sealed Air,"7,921.6","-1,410.3","9,437.2","25,000","1,443.8",4.9,-3,0.9,-7.31,"-1,013.8",N.A.,N.A.,-17.8,-14.9,-97.7,NJ,"Packaging, Containers"
334,KBR,"7,921",144,"5,767","27,000","2,542",8.3,-4.3,N.A.,0.97,-69.3,-11.5,N.A.,1.8,2.5,5.7,TX,"Engineering, Construction"
335,Commercial Metals,"7,859",207.5,"3,441.2","9,860","1,246.4",11.3,-10,16.4,1.78,N.A.,-9.4,17.4,2.6,6,16.6,TX,Metals
336,Masco,"7,816",-114,"6,875","30,000",322,62.4,-1.5,0.8,-0.33,N.A.,N.A.,N.A.,-1.5,-1.7,-35.4,MI,"Home Equipment, Furnishings"
337,Universal Health Services,"7,783.3",443.4,"8,200.8","55,550","2,713.3",26,14.3,8.6,4.53,12.1,23.3,12.7,5.7,5.4,16.3,PA,Health Care: Medical Facilities
338,Campbell Soup,"7,707",774,"6,530","17,870",898,10.5,3.1,7.1,2.41,-0.4,2.2,6.5,10,11.9,86.2,NJ,Food Consumer Products
339,Coca-Cola Enterprises,"7,562",677,"9,510","13,000","2,693",25.8,0,N.A.,2.25,-1.7,N.A.,N.A.,9,7.1,25.1,GA,Beverages
340,Charter Communications,"7,504",-304,"15,599","17,800",149,33.9,0,N.A.,-3.05,N.A.,N.A.,N.A.,-4.1,-1.9,-204,CT,Telecommunications
341,Quest Diagnostics,"7,499.5",555.7,"9,283.9","41,000","4,163",1.5,2.8,8.2,3.46,18.5,14.7,7.9,7.4,6,13.3,NJ,Health Care: Pharmacy and Other Services
342,Williams,"7,486",859,"24,327","4,639","4,752",26.6,5.1,33.4,1.37,117.5,-3.4,N.A.,11.5,3.5,18.1,OK,Energy
343,Group 1 Automotive,"7,476.1",100.2,"3,023","9,343",860.3,20.9,22.3,10.8,4.19,20.7,7.6,4.1,1.3,3.3,11.6,TX,"Automotive Retailing, Services"
344,CenterPoint Energy,"7,452",417,"22,871","8,720","4,301",-0.3,7.7,14.2,0.97,-69.4,-3.7,N.A.,5.6,1.8,9.7,TX,Utilities: Gas and Electric
345,WellCare Health Plans,"7,409",184.7,"2,675.5","4,460","1,323.2",-7.3,2.8,N.A.,4.22,-30.8,-3.9,N.A.,2.5,6.9,14,FL,Health Care: Insurance and Managed Care
346,Dollar Tree,"7,394.5",619.3,"2,752","48,650","1,667.3",-2.4,36.2,17.3,2.68,33,30.9,19.5,8.4,22.5,37.1,VA,Specialty Retailers: Other
347,Pantry,"7,393.6",-2.5,"1,799.5","9,832",324.6,1.3,-14.2,11.7,-0.11,-125,N.A.,N.A.,0,-0.1,-0.8,NC,Specialty Retailers: Other
348,MasterCard,"7,391","2,759","12,462","7,500","6,917",32.1,18.3,N.A.,21.94,47.7,22.4,N.A.,37.3,22.1,39.9,NY,Financial Data Services
349,Tenneco,"7,363",275,"3,608","25,000",246,17.9,6.1,24.1,4.5,76.5,N.A.,N.A.,3.7,7.6,111.8,IL,Motor Vehicles and Parts
350,Avis Budget Group,"7,357",290,"15,218","24,250",757,84.9,8.8,2.7,2.42,N.A.,N.A.,-11.4,3.9,1.9,38.3,NJ,"Automotive Retailing, Services"
351,Terex,"7,348.4",105.8,"6,746.2","21,300","2,007.7",108.1,-15.6,17.6,0.93,126.8,-30.8,N.A.,1.4,1.6,5.3,CT,Construction and Farm Machinery
352,Cognizant Technology Solutions,"7,346.5","1,051.3","6,521.6","156,700","4,854.4",14.9,16.8,28.5,3.44,20.7,24.5,38.2,14.3,16.1,21.7,NJ,Information Technology Services
353,Fidelity National Financial,"7,326.1",606.5,"9,902.6","60,451","4,268",52.1,14.9,N.A.,2.68,61.4,35.3,N.A.,8.3,6.1,14.2,FL,Insurance: Property and Casualty (Stock)
354,Steel Dynamics,"7,290.2",163.6,"5,815.4","6,670","2,405.5",7.6,-12.2,18.4,0.73,-40.2,-18.3,5.9,2.2,2.8,6.8,IN,Metals
355,Precision Castparts,"7,278.3","1,224.1","10,558.8","21,500","8,360.7",15,6.5,31.9,8.41,19.5,12.9,35.4,16.8,11.6,14.6,OR,Aerospace and Defense
356,Dana Holding,"7,258",300,"5,144","23,300","1,843",30.3,0,N.A.,1.4,37.3,N.A.,N.A.,4.1,5.8,16.3,OH,Motor Vehicles and Parts
357,Boston Scientific,"7,249","-4,068","17,154","24,000","6,870",7.3,-13.2,-12.3,-2.89,"-1,096.6",N.A.,N.A.,-56.1,-23.7,-59.2,MA,Medical Products and Equipment
358,BorgWarner,"7,183.2",500.9,"6,400.8","19,100","3,082.6",12.4,8.6,19.8,4.17,-6.3,11.2,N.A.,7,7.8,16.2,MI,Motor Vehicles and Parts
359,Visteon,"7,154",100,"5,156","22,000","1,385",7.8,0,N.A.,1.88,22.1,N.A.,N.A.,1.4,1.9,7.2,MI,Motor Vehicles and Parts
360,Barnes & Noble,"7,129.2",-68.9,"3,765.2","35,000",747.7,4.2,-12.6,3.5,-1.41,N.A.,N.A.,N.A.,-1,-1.8,-9.2,NY,Specialty Retailers: Other
361,Fifth Third Bancorp,"7,106","1,576","121,894","20,798","13,716",22.4,-7.5,-10.2,1.66,40.7,-3.6,-5,22.2,1.3,11.5,OH,Commercial Banks
362,Franklin Resources,"7,101","1,931.4","14,751.5","8,558","9,201.3",35.1,4.3,16,8.95,3.8,4.9,18.4,27.2,13.1,21,CA,Securities
363,Weyerhaeuser,"7,059",385,"12,592","13,200","4,070",53,2.4,6.9,0.71,16.4,-27.7,-4.2,5.5,3.1,9.5,WA,Forest and Paper Products
364,Owens-Illinois,"7,000",184,"8,598","22,500",881,9.8,-15.5,3.8,1.11,N.A.,-32.6,N.A.,2.6,2.1,20.9,OH,"Packaging, Containers"
365,Alpha Natural Resources,"6,974.9","-2,437.1","13,089.8","12,400","4,967.8",-52.3,-21.4,N.A.,-11.06,N.A.,N.A.,N.A.,-34.9,-18.6,-49.1,VA,"Mining, Crude-Oil Production"
366,Interpublic Group,"6,956.2",446.7,"13,493.9","43,300","2,420.6",15.7,7.3,-2,0.94,-5.1,29.3,13.7,6.4,3.3,18.5,NY,"Advertising, marketing"
367,OfficeMax,"6,920.4",416.8,"3,784.3","24,000","1,034.4",116.2,-12.8,-7.6,4.74,"1,147.4",12.2,N.A.,6,11,40.3,IL,Specialty Retailers: Other
368,Core-Mark Holding,"6,905.4",33.9,919.2,"5,225",400.2,21.9,11,N.A.,2.91,30.5,6.2,N.A.,0.5,3.7,8.5,CA,Wholesalers: Food and Grocery
369,Pacific Life,"6,874",460,"123,697","2,810","9,080",N.A.,0,N.A.,N.A.,N.A.,N.A.,N.A.,6.7,0.4,5.1,CA,"Insurance: Life, Health (Stock)"
370,Ralph Lauren,"6,859.5",681,"5,416.4","25,000","3,652.5",9.7,20.1,21.9,7.13,24,13.8,15.1,9.9,12.6,18.6,NY,Apparel
371,Agilent Technologies,"6,858","1,153","10,536","20,500","5,182",18.1,2.4,9.3,3.27,14.7,15.8,N.A.,16.8,10.9,22.3,CA,"Scientific,Photographic and  Control Equipment"
372,Dole Food,"6,832.3",-144.5,"4,229.8","54,800",686.1,32.6,0,N.A.,-1.64,-472.7,N.A.,N.A.,-2.1,-3.4,-21.1,CA,Food Consumer Products
373,Ameren,"6,828",-974,"21,835","9,097","6,616",-2.6,-5.5,2.4,-4.01,-286.5,N.A.,N.A.,-14.3,-4.5,-14.7,MO,Utilities: Gas and Electric
374,Mylan,"6,796.1",640.9,"11,931.9","16,706","3,340.7",27.9,14.3,6.3,1.52,24.6,N.A.,5.3,9.4,5.4,19.2,PA,Pharmaceuticals
375,Avery Dennison,"6,761.6",215.4,"5,105.3","29,800","1,580.9",26.1,-4.8,-2.5,2.08,16.9,-7.5,-2.2,3.2,4.2,13.6,CA,Chemicals
376,Health Management Associates,"6,760.9",164.3,"6,400.8","36,000","1,003.9",26.5,9.3,0.5,0.64,-8.6,5.5,-4.1,2.4,2.6,16.4,FL,Health Care: Medical Facilities
377,PetSmart,"6,758.2",389.5,"2,537","38,000","1,123.6",34.9,25.2,15.7,3.55,39.2,12.7,18.9,5.8,15.4,34.7,AZ,Specialty Retailers: Other
378,Dillard's,"6,751.6",336,"4,048.7","32,870","1,970.2",98.7,37.8,19.8,6.87,-19.4,58.8,N.A.,5,8.3,17.1,AR,General Merchandisers
379,Symantec,"6,730","1,172","13,020","20,500","5,094",20.3,3.1,6.4,1.57,106.6,30.8,N.A.,17.4,9,23,CA,Computer Software
380,Huntington Ingalls Industries,"6,708",146,"6,392","37,168",667,38.9,0,N.A.,2.91,N.A.,N.A.,N.A.,2.2,2.3,21.9,VA,Aerospace and Defense
381,Enbridge Energy Partners,"6,706.1",493.1,"12,796.8","2,100","4,454.4",-9.7,10.6,11.2,1.27,-36.2,0.7,3.7,7.4,3.9,11.1,TX,Pipelines
382,Cablevision Systems,"6,705.5",233.5,"7,246.2","17,661","-5,639.2",9.9,3.3,10.1,0.87,-14.7,3.3,12,3.5,3.2,N.A.,NY,Telecommunications
383,Jarden,"6,696.1",243.9,"7,710.6","25,000","1,759.6",73.5,17.6,17.5,3.1,34.2,52.2,10.7,3.6,3.2,13.9,NY,"Home Equipment, Furnishings"
384,Hershey,"6,644.3",660.9,"4,754.8","13,150","1,036.7",19.6,16.1,10.5,2.89,5.5,25.5,7,9.9,13.9,63.8,PA,Food Consumer Products
385,WESCO International,"6,579.3",201.8,"4,629.6","9,000","1,553.8",27.2,11.2,28.5,3.95,-0.3,-4.6,23.2,3.1,4.4,13,PA,Wholesalers: Diversified
386,Ingredion,"6,532.1",427.5,"5,592","11,650","2,437",24.5,13.7,17.2,5.47,2.8,16.1,20,6.5,7.6,17.5,IL,Food Production
387,CBRE Group,"6,519.8",315.6,"7,809.5","37,000","1,539.2",30.7,-1.6,N.A.,0.97,31.1,-10.2,N.A.,4.8,4,20.5,CA,Real estate
388,UGI,"6,519.2",199.4,"9,709.7","13,500","2,233.1",15.3,7.2,13.7,1.76,-14.6,-1.4,6.9,3.1,2.1,8.9,PA,Energy
389,NuStar Energy,"6,516.8",-226.6,"5,613.1","1,905","2,572.4",-18.3,3.4,7.9,-3.61,-229.9,N.A.,N.A.,-3.5,-4,-8.8,TX,Pipelines
390,McGraw-Hill,"6,512",437,"7,052","21,687",767,29.9,8.3,8.8,1.53,-49,-12.2,0.3,6.7,6.2,57,NY,"Publishing, Printing"
391,Vanguard Health Systems,"6,488.4",57.3,"4,788.1","37,850",295.1,19.9,0,N.A.,0.71,N.A.,N.A.,N.A.,0.9,1.2,19.4,TN,Health Care: Medical Facilities
392,Casey's General Stores,"6,460.8",116.8,"1,774.8","17,421",506,4.3,13.7,17,3.04,36.9,20,16.9,1.8,6.6,23.1,IA,Specialty Retailers: Other
393,American Family Insurance Group,"6,456.8",360.5,"17,937.3","7,474","6,136.8",N.A.,0,N.A.,N.A.,N.A.,N.A.,N.A.,5.6,2,5.9,WI,Insurance: Property and Casualty (Stock)
394,Mutual of Omaha Insurance,"6,437",283.8,"30,993.1","4,887","4,601.5",N.A.,0,N.A.,N.A.,N.A.,N.A.,N.A.,4.4,0.9,6.2,NE,"Insurance: Life, Health (Stock)"
395,Mattel,"6,420.9",776.5,"6,526.8","28,000","3,067",36.7,18.4,10.3,2.22,1.8,7.6,15.6,12.1,11.9,25.3,CA,"Toys, Sporting Goods"
396,Celanese,"6,418",605,"9,000","7,550","1,730",1.2,1.7,N.A.,3.79,-0.8,8.8,N.A.,9.4,6.7,35,TX,Chemicals
397,Quanta Services,"6,413.5",306.6,"5,140.8","17,800","3,766.5",26.7,0.8,22.8,1.44,132.3,10.1,N.A.,4.8,6,8.1,TX,"Engineering, Construction"
398,Level 3 Communications,"6,376",-422,"13,307","10,800","1,171",36,-12.7,-10.9,-1.96,N.A.,N.A.,N.A.,-6.6,-3.2,-36,CO,Telecommunications
399,EMCOR Group,"6,346.7",146.6,"3,107.1","26,000","1,346.1",31.2,8.3,10.3,2.16,13.1,2.6,7.8,2.3,4.7,10.9,CT,"Engineering, Construction"
400,Starwood Hotels & Resorts,"6,321",562,"8,861","171,000","3,137",22.2,7.7,13.8,2.86,13.9,2.2,5.2,8.9,6.3,17.9,CT,"Hotels, Casinos, Resorts"
401,Regions Financial,"6,275","1,120","121,347","23,427","15,499",66.9,-19.2,-9.6,0.71,N.A.,-16.6,-12.6,17.8,0.9,7.2,AL,Commercial Banks
402,Northeast Utilities,"6,273.8",525.9,"28,302.8","8,842","9,237.1",12.1,8.3,13.6,1.89,-14.9,3.5,4.8,8.4,1.9,5.7,MA,Utilities: Gas and Electric
403,Rockwell Automation,"6,259.4",737,"5,636.5","22,000","1,851.7",17.2,6.8,17.6,5.13,6.9,-11.1,23.1,11.8,13.1,39.8,WI,"Electronics, Electrical Equip."
404,Ryder System,"6,257",210,"8,319","27,700","1,467.5",-3.6,3.7,10.5,4.09,24.7,-0.7,10.6,3.4,2.5,14.3,FL,"Trucking, Truck Leasing"
405,Anixter International,"6,253.1",124.8,"3,089.6","8,300",969.9,15.7,3.3,13.9,3.69,-31.2,-9.3,12.6,2,4,12.9,IL,Wholesalers: Diversified
406,CMS Energy,"6,253",382,"17,131","7,514","3,194",15.1,11.2,12.2,1.42,-10.1,N.A.,N.A.,6.1,2.2,12,MI,Utilities: Gas and Electric
407,CC Media Holdings,"6,246.9",-424.5,"16,292.7","20,800","-8,299.2",-22.6,0,N.A.,-5.23,N.A.,N.A.,N.A.,-6.8,-2.6,N.A.,TX,Entertainment
408,NetApp,"6,233.2",605.4,"9,532.3","12,149","4,293.6",-7.5,6.1,12.9,1.58,-7.6,15.5,65.9,9.7,6.4,14.1,CA,Computer Peripherals
409,Advance Auto Parts,"6,205",387.7,"4,613.8","43,000","1,210.7",4.2,14.3,16.5,5.22,2.2,18,24.2,6.2,8.4,32,VA,Specialty Retailers: Other
410,Kindred Healthcare,"6,190.7",-40.4,"4,237.9","64,450","1,256.2",-8.1,-15.4,4.5,-0.78,N.A.,N.A.,N.A.,-0.7,-1,-3.2,KY,Health Care: Medical Facilities
411,Seaboard,"6,189.1",282.3,"3,347.8","11,295","2,304.6",24.9,11.8,27,234.54,-17.6,10.2,38,4.6,8.4,12.3,KS,Food Production
412,O'Reilly Automotive,"6,182.2",585.7,"5,749.2","43,773","2,108.3",11.8,22.5,21.6,4.75,28,23.3,20,9.5,10.2,27.8,MO,Specialty Retailers: Other
413,Foot Locker,"6,182",397,"3,367","26,998","2,377",37.8,23.4,14.9,2.58,43.3,50.9,9.4,6.4,11.8,16.7,NY,Specialty Retailers: Apparel
414,Windstream,"6,169.2",168,"13,982","13,787","1,104.8",-22.7,0.2,N.A.,0.28,-15.2,-32.1,N.A.,2.7,1.2,15.2,AR,Telecommunications
415,CH2M Hill,"6,160.6",93,"3,114.6","30,000",603.7,N.A.,0,N.A.,2.95,-18.1,8.4,12.1,1.5,3,15.4,CO,"Engineering, Construction"
416,Omnicare,"6,160.4",194.9,"6,989.3","13,800","3,505.7",6.1,10.3,4.7,1.73,127.6,13,2.7,3.2,2.8,5.6,OH,Health Care: Pharmacy and Other Services
417,FMC Technologies,"6,151.4",430,"5,902.9","18,400","1,836.9",-18,9.7,24.3,1.78,8.5,9.5,N.A.,7,7.3,23.4,TX,"Oil and Gas Equipment, Services"
418,SLM,"6,110",939,"181,260","6,800","5,060",31.9,-2.2,-5.6,1.9,61,N.A.,1.5,15.4,0.5,18.6,DE,Diversified Financials
419,CF Industries Holdings,"6,104","1,848.7","10,166.9","2,548","5,902.2",41.3,13.7,N.A.,28.59,30.1,34.2,N.A.,30.3,18.2,31.3,IL,Chemicals
420,Sanmina,"6,093.3",180.2,"3,167.8","40,513",963.8,18.9,0.3,-8.5,2.16,160.2,N.A.,N.A.,3,5.7,18.7,CA,Semiconductors and Other Electronic Components
421,NII Holdings,"6,086.5",-765.2,"9,223.1","16,100","2,316.4",-66.5,-31.8,13.8,-4.46,-487.8,N.A.,N.A.,-12.6,-8.3,-33,VA,Telecommunications
422,PVH,"6,043",433.8,"7,781.5","20,250","3,252.6",57.7,25.1,26,5.87,34.6,12.8,18.4,7.2,5.6,13.3,NY,Apparel
423,Molina Healthcare,"6,028.8",9.8,"1,934.8","5,800",782.3,21.2,1,N.A.,0.21,-53.3,-31.2,N.A.,0.2,0.5,1.3,CA,Health Care: Insurance and Managed Care
424,Cliffs Natural Resources,"6,024.3",-899.4,"13,574.9","7,589","4,632.7",-34.5,-3.4,33.2,-6.32,-155.1,N.A.,N.A.,-14.9,-6.6,-19.4,OH,"Mining, Crude-Oil Production"
425,General Cable,"6,014.3",4,"4,919.9","14,000","1,353.3",21.6,-16.1,23.1,0.08,-93.5,-53.8,N.A.,0.1,0.1,0.3,KY,"Electronics, Electrical Equip."
426,Shaw Group,"6,008.4",198.9,"5,007.5","25,000",951.4,73.3,-5.1,11,2.9,N.A.,N.A.,2.5,3.3,4,20.9,LA,"Engineering, Construction"
427,Dr Pepper Snapple Group,"5,995",629,"8,928","19,000","2,280",15.6,0,N.A.,2.96,8,N.A.,N.A.,10.5,7,27.6,TX,Beverages
428,Expeditors International of Washington,"5,980.9",333.4,"2,954.1","13,728","2,027.7",-2.1,-1.3,10.1,1.57,-12.3,5.3,11.8,5.6,11.3,16.4,WA,Transportation and Logistics
429,Harris,"5,964",30.6,"5,592.8","16,600","1,938.9",40,-1.8,16.4,0.26,-94.3,-40.3,-8.4,0.5,0.5,1.6,FL,Network and Other Communications Equipment
430,AK Steel Holding,"5,933.7","-1,027.3","3,903.1","6,430",-505.3,-43.4,-36.1,-4.7,-9.06,N.A.,N.A.,N.A.,-17.3,-26.3,N.A.,OH,Metals
431,SPX,"5,925.2",259.2,"7,130.1","15,000","2,268.7",18.5,-5.8,8.1,5.18,46.3,-0.2,12.9,4.4,3.6,11.4,NC,Industrial Machinery
432,Actavis,"5,914.9",97.3,"14,103.5","17,700","3,833.8",42.5,25.9,11.8,0.76,-63.1,-9.8,-7.4,1.6,0.7,2.5,NJ,Pharmaceuticals
433,Newell Rubbermaid,"5,902.7",401.3,"6,222","18,300","1,996.7",40.9,-0.4,-0.1,1.37,226.2,-4,N.A.,6.8,6.4,20.1,GA,"Home Equipment, Furnishings"
434,Fidelity National Information Services,"5,888.1",461.2,"13,549.7","35,000","6,640.9",34.1,10,N.A.,1.55,1.3,-11.5,N.A.,7.8,3.4,6.9,FL,Financial Data Services
435,Targa Resources,"5,885.7",38.1,"5,105","1,192",144.1,34.3,0,N.A.,0.91,23,N.A.,N.A.,0.6,0.7,26.4,TX,Pipelines
436,Booz Allen Hamilton Holding,"5,859.2",240,"3,314.8","25,000","1,185.2",22.4,0,N.A.,1.7,157.6,N.A.,N.A.,4.1,7.2,20.2,VA,Information Technology Services
437,Dick's Sporting Goods,"5,836.1",290.7,"2,887.8","20,450","1,587.3",30.2,11.9,26.1,2.31,10,11.7,17.3,5,10.1,18.3,PA,Specialty Retailers: Other
438,W.R. Berkley,"5,823.6",510.6,"20,155.9","7,412","4,306.2",13.7,6.4,13.6,3.56,31.4,-1.2,13.8,8.8,2.5,11.9,CT,Insurance: Property and Casualty (Stock)
439,Live Nation Entertainment,"5,819",-163.2,"5,290.8","10,000","1,355.4",12,-8.5,N.A.,-0.87,N.A.,N.A.,N.A.,-2.8,-3.1,-12,CA,Entertainment
440,Allergan,"5,806.1","1,098.8","9,179.3","10,800","5,837.1",4.8,7.7,12.7,3.58,18.9,17.2,28.8,18.9,12,18.8,CA,Pharmaceuticals
441,NCR,"5,792",146,"6,371","25,700","1,247",54.8,0.3,16.6,0.89,169.7,-9.9,N.A.,2.5,2.3,11.7,GA,"Computers, Office Equipment"
442,Mohawk Industries,"5,788",250.3,"6,303.7","25,100","3,719.6",51.2,4,4.7,3.61,43.3,-18.9,-1.9,4.3,4,6.7,GA,Miscellaneous
443,Auto-Owners Insurance,"5,747.7",435.6,"16,740.7","4,043","6,591.4",N.A.,0,N.A.,N.A.,N.A.,N.A.,N.A.,7.6,2.6,6.6,MI,Insurance: Property and Casualty (Mutual)
444,Laboratory Corp. of America,"5,671.4",583.1,"6,795","34,000","2,717.4",0.8,2.8,14.1,5.99,17.2,8.8,13,10.3,8.6,21.5,NC,Health Care: Pharmacy and Other Services
445,Western Union,"5,664.8","1,025.9","9,465.7","9,067",940.6,-23.5,-9.8,N.A.,1.69,-8.2,8.8,N.A.,18.1,10.8,109.1,CO,Financial Data Services
446,Joy Global,"5,660.9",762,"6,142.5","18,019","2,577.2",-14,0.7,30.4,7.13,24.7,23.2,N.A.,13.5,12.4,29.6,WI,Construction and Farm Machinery
447,Energy Future Holdings,"5,636","-3,360","40,970","9,100","-11,025",N.A.,0,N.A.,N.A.,N.A.,N.A.,N.A.,-59.6,-8.2,N.A.,TX,Energy
448,MeadWestvaco,"5,594",205,"8,908","16,000","3,360",23.5,7.2,7.7,1.16,-18.3,-5.8,N.A.,3.7,2.3,6.1,VA,"Packaging, Containers"
449,Harley-Davidson,"5,580.5",623.9,"9,170.8","6,400","2,557.6",27.3,3.1,2.2,2.72,6.7,-6.2,3.7,11.2,6.8,24.4,WI,Transportation Equipment
450,Con-way,"5,580.2",104.5,"3,141.5","29,100",838.4,-3.4,-6.5,-0.7,1.85,17.1,-9.5,0.6,1.9,3.3,12.5,MI,Transportation and Logistics
451,MRC Global,"5,570.9",118,"3,369.7","4,780","1,185.9",N.A.,0,N.A.,1.22,N.A.,N.A.,N.A.,2.1,3.5,9.9,TX,"Oil and Gas Equipment, Services"
452,J.M. Smucker,"5,525.8",459.7,"9,115.2","4,850","5,163.4",13.1,16.3,11.9,4.06,0.2,8,12,8.3,5,8.9,OH,Food Consumer Products
453,Exelis,"5,522",330,"5,212","19,900","1,016",29.6,0,N.A.,1.75,N.A.,N.A.,N.A.,6,6.3,32.5,VA,Aerospace and Defense
454,Biogen Idec,"5,516.5","1,380","10,130.1","5,950","6,961.5",33,20.8,16,5.76,14.3,23.7,21.1,25,13.6,19.8,MA,Pharmaceuticals
455,Erie Insurance Group,"5,512",160,"15,441","4,400","6,791",N.A.,0,N.A.,N.A.,N.A.,N.A.,N.A.,2.9,1,2.4,PA,Insurance: Property and Casualty (Stock)
456,Celgene,"5,506.7","1,456.2","11,734.3","4,700","5,694.5",16.1,11.2,30.8,3.3,15.8,43.6,N.A.,26.4,12.4,25.6,NJ,Pharmaceuticals
457,St. Jude Medical,"5,503",752,"9,271","15,000","4,094",7.8,-1.6,6.6,2.39,-5.2,8.5,12.2,13.7,8.1,18.4,MN,Medical Products and Equipment
458,Domtar,"5,482",172,"6,123","9,300","2,877",6.5,-1.1,N.A.,4.76,-47.6,21.5,N.A.,3.1,2.8,6,SC,Forest and Paper Products
459,Calpine,"5,478",199,"16,549","2,151","3,994",11,0,N.A.,0.42,N.A.,N.A.,N.A.,3.6,1.2,5,TX,Energy
460,Susser Holdings,"5,469.6",46.7,"1,571.4","7,567",389.5,52.5,11,N.A.,2.19,-18.3,17.7,N.A.,0.9,3,12,TX,Specialty Retailers: Other
461,Clorox,"5,468",541,"4,355","8,400",-135,13.9,5.8,8.8,4.09,1.7,4.6,11.6,9.9,12.4,N.A.,CA,Household and Personal Products
462,Kelly Services,"5,450.5",50.1,"1,635.7","8,100",741,16.8,-2.3,-3.1,1.32,-21.9,-4.6,9.8,0.9,3.1,6.8,MI,Temporary Help
463,Consol Energy,"5,430.3",388.5,"12,670.9","8,896","3,953.8",-10.8,-13.8,15.5,1.7,-38.4,3.2,36.6,7.2,3.1,9.8,PA,"Mining, Crude-Oil Production"
464,Advanced Micro Devices,"5,422","-1,183","4,000","10,340",538,-55.6,-20.4,-9.4,-1.6,-342.4,N.A.,N.A.,-21.8,-29.6,-219.9,CA,Semiconductors and Other Electronic Components
465,Graybar Electric,"5,413.3",86.3,"1,685.9","7,500",597,N.A.,0,N.A.,5.54,5.2,0.1,23.2,1.6,5.1,14.5,MO,Wholesalers: Diversified
466,Big Lots,"5,400.1",177.1,"1,753.6","25,200",758.1,-24.6,12.2,8,2.93,-1.7,13.6,16.1,3.3,10.1,23.4,OH,Specialty Retailers: Other
467,Gannett,"5,353.2",424.3,"6,379.9","30,700","2,350.6",40.6,-10.6,-10.3,1.79,-5.3,-16.9,-8.4,7.9,6.7,18,VA,"Publishing, Printing"
468,Telephone & Data Systems,"5,345.3",81.9,"8,623.9","12,100","4,012.4",-5,-16.1,1.2,0.75,-55.5,-24,N.A.,1.5,0.9,2,IL,Telecommunications
469,Host Hotels & Resorts,"5,323",61,"12,994",233,"6,825",7.9,1,8.2,0.08,N.A.,-43,N.A.,1.1,0.5,0.9,MD,Real estate
470,Insight Enterprises,"5,301.4",92.8,"2,001.5","5,405",705.3,13.6,-1,7.7,2.07,-5,5.8,N.A.,1.7,4.6,13.2,AZ,Wholesalers: Electronics and Office Equipment
471,Western & Southern Financial Group,"5,293.7",137.7,"38,080.5","2,145","3,889.3",N.A.,0,N.A.,N.A.,N.A.,N.A.,N.A.,2.6,0.4,3.5,OH,"Insurance: Life, Health (Mutual)"
472,Andersons,"5,272",79.5,"2,182.3","2,472",594.4,-0.3,0.4,22.5,4.23,-16.9,2.4,16.8,1.5,3.6,13.4,OH,Wholesalers: Food and Grocery
473,Priceline.com,"5,261","1,419.6","6,569.7","7,000","3,897",32.6,40.1,51.7,27.66,34.1,51.9,N.A.,27,21.6,36.4,CT,Internet Services and Retailing
474,United Natural Foods,"5,236",91.3,"1,493.9","7,000",978.7,33.9,11.1,15.5,1.86,16.3,9.7,15.4,1.7,6.1,9.3,RI,Wholesalers: Food and Grocery
475,Spectra Energy,"5,174",940,"30,587","5,600","8,972",-7.4,5.9,N.A.,1.43,-21,-1.1,N.A.,18.2,3.1,10.5,TX,Pipelines
476,Owens Corning,"5,172",-19,"7,568","15,000","3,538",28.8,12.8,N.A.,-0.16,-107.2,N.A.,N.A.,-0.4,-0.3,-0.5,OH,"Building Materials, Glass"
477,Avaya,"5,171",-344,"8,194","16,885","-2,436",N.A.,0,N.A.,N.A.,N.A.,N.A.,N.A.,-6.7,-4.2,N.A.,NJ,Network and Other Communications Equipment
478,Wynn Resorts,"5,154.3",502,"7,276.6","16,000",-259,11,5.9,29,4.82,-1.2,15.5,N.A.,9.7,6.9,N.A.,NV,"Hotels, Casinos, Resorts"
479,Bemis,"5,139.2",173.8,"4,185.7","19,564","1,640.9",14.8,7.6,6.1,1.66,-4,-0.9,0.8,3.4,4.2,10.6,WI,"Packaging, Containers"
480,NiSource,"5,102.7",416.1,"21,844.7","8,286","5,554.3",8.7,11.8,7.6,1.39,35,3.5,-2.3,8.2,1.9,7.5,IN,Utilities: Gas and Electric
481,MetroPCS Communications,"5,101.3",394.2,"10,189.4","3,700","3,358.9",14.5,-12.6,N.A.,1.07,30.5,30.8,N.A.,7.7,3.9,11.7,TX,Telecommunications
482,Facebook,"5,089",53,"15,103","4,619","11,755",N.A.,0,N.A.,0.01,N.A.,N.A.,N.A.,1,0.4,0.5,CA,Internet Services and Retailing
483,Pepco Holdings,"5,081",285,"15,776","5,040","4,446",2.1,-2.1,5.5,1.24,8.8,-6.3,-2.6,5.6,1.8,6.4,DC,Utilities: Gas and Electric
484,United Stationers,"5,080.1",111.8,"2,075.2","6,138",738.1,-3.1,6.7,8.3,2.73,12.8,7.3,11.9,2.2,5.4,15.2,IL,Wholesalers: Electronics and Office Equipment
485,American Financial Group,"5,062",488,"39,171","6,600","4,578",9.9,8.8,12,5.09,52.9,10.4,20.1,9.6,1.2,10.7,OH,Insurance: Property and Casualty (Stock)
486,J.B. Hunt Transport Services,"5,055",310.4,"2,464.6","16,475",791.9,34.2,18.3,24.7,2.59,22.7,10.8,22.8,6.1,12.6,39.2,AR,"Trucking, Truck Leasing"
487,SanDisk,"5,052.5",417.4,"10,339.1","4,636","7,263.9",-11.6,5.6,15.7,1.7,-57.9,12.8,20.9,8.3,4,5.7,CA,Semiconductors and Other Electronic Components
488,Charles Schwab,"5,049",928,"133,637","13,800","9,589",29.9,-9.5,4.5,0.69,-1.4,-18.9,24,18.4,0.7,9.7,CA,Securities
489,Pitney Bowes,"5,039.2",445.2,"7,859.9","27,400",110.6,-36.2,-16.9,-6.1,2.21,-27.5,5.9,1.2,8.8,5.7,402.4,CT,"Computers, Office Equipment"
490,Allegheny Technologies,"5,031.5",158.4,"6,247.8","11,200","2,479.6",-35.1,-17.4,19.2,1.43,-27.4,-27.7,N.A.,3.1,2.5,6.4,PA,Metals
491,Jones Financial,"5,027.4",555,"13,042.2","38,500","1,982.9",N.A.,0,N.A.,N.A.,N.A.,N.A.,N.A.,11,4.3,28,MO,Securities
492,Frontier Communications,"5,011.9",136.6,"17,733.6","14,700","4,107.6",-8.8,-10.4,0.4,0.13,-13.3,-27.5,N.A.,2.7,0.8,3.3,CT,Telecommunications
493,Timken,"4,987",495.5,"4,244.7","19,769","2,232.2",26.1,10.2,12.1,5.07,10.5,17.1,23.4,9.9,11.7,22.2,OH,Industrial Machinery
494,Yahoo,"4,986.6","3,945.5","17,103.3","11,700","14,560.2",23.4,-3.1,9.3,3.28,300,47.5,57.5,79.1,23.1,27.1,CA,Internet Services and Retailing
495,JetBlue Airways,"4,982",128,"7,070","12,460","1,888",10,-0.6,-7.1,0.4,42.9,32,0.7,2.6,1.8,6.8,NY,Airlines
496,Old Republic International,"4,970.1",-68.6,"16,226.8","7,800","3,596.2",22.9,-1.2,1.6,-0.27,N.A.,N.A.,N.A.,-1.4,-0.4,-1.9,IL,Insurance: Property and Casualty (Stock)
497,Simon Property Group,"4,880.1","1,434.5","32,586.6","4,450","5,910.6",26,17,21.3,4.72,35.6,19.3,9,29.4,4.4,24.3,IN,Real estate
498,YRC Worldwide,"4,850.5",-140.4,"2,225.5","32,000",-629.1,-32.3,-86.1,-64.1,-19.2,N.A.,N.A.,N.A.,-2.9,-6.3,N.A.,KS,"Trucking, Truck Leasing"
499,CA,"4,829",951,"11,997","13,600","5,397",13.1,-1.1,6,1.93,19.9,54.4,N.A.,19.7,7.9,17.6,NY,Computer Software
500,Nash-Finch,"4,820.8",-93.9,"1,003.6","6,410",296.4,-25,-7.5,13.2,-7.24,-364.2,N.A.,N.A.,-1.9,-9.4,-31.7,MN,Wholesalers: Food and Grocery
